symbol,timeframe,month,opened_at,closed_at,direction,entry,stop_loss,take_profit,exit_price,result,r_multiple,spread_r,spread_points,setup_score,bpr_low,bpr_high,reason,pnl,balance
US30,M30,2025-12,2025-12-29 14:30:00,2025-12-29 18:00:00,SELL,48599.7,48772.6,47562.3,48522.8,SMART_EXIT,0.4338,0.011,19.0,100,48742.7,48745.4,Opposing FVGs overlap into a balanced price range.; Entry waits for price to return into the BPR and reject it.; Stop is beyond BPR with 0.25 ATR buffer.; Dynamic stop widened to 3.50 ATR; lot sizing must preserve the configured dollar-risk cap.,6.51,306.51
US30,M30,2025-12,2025-12-30 16:00:00,2025-12-30 17:30:00,SELL,48466.8,48641.675,47417.55,48446.3,SMART_EXIT,0.1064,0.0109,19.0,99,48476.7,48492.4,Opposing FVGs overlap into a balanced price range.; Entry waits for price to return into the BPR and reject it.; Stop is beyond BPR with 0.25 ATR buffer.; Dynamic stop widened to 3.50 ATR; lot sizing must preserve the configured dollar-risk cap.,1.63,308.14
US30,M15,2025-12,2025-12-31 14:15:00,2025-12-31 14:30:00,BUY,48420.1,48378.53289,48669.50267,48378.53289,SL,-1.0457,0.0457,19.0,93,48408.5,48420.2,Opposing FVGs overlap into a balanced price range.; Entry waits for price to return into the BPR and reject it.; Stop is beyond BPR with 0.25 ATR buffer.; Dynamic stop widened to 2.34 ATR; lot sizing must preserve the configured dollar-risk cap.,-16.11,292.03
US30,M15,2026-01,2026-01-02 13:45:00,2026-01-02 14:15:00,BUY,48262.2,48213.64686,48553.51882,48229.0,SMART_EXIT,-0.7229,0.0391,19.0,100,48243.5,48243.8,Opposing FVGs overlap into a balanced price range.; Entry waits for price to return into the BPR and reject it.; Stop is beyond BPR with 0.25 ATR buffer.; Dynamic stop widened to 2.05 ATR; lot sizing must preserve the configured dollar-risk cap.,-10.56,281.47
US30,M15,2026-01,2026-01-06 13:00:00,2026-01-06 14:30:00,BUY,48984.1,48926.86567,49327.50598,48926.86567,SL,-1.0332,0.0332,19.0,98,48963.4,48970.7,Opposing FVGs overlap into a balanced price range.; Entry waits for price to return into the BPR and reject it.; Stop is beyond BPR with 0.25 ATR buffer.; Dynamic stop widened to 2.15 ATR; lot sizing must preserve the configured dollar-risk cap.,-14.54,266.93
US30,M30,2026-01,2026-01-07 19:00:00,2026-01-08 08:00:00,SELL,49184.7,49504.85,47263.8,48941.2,SMART_EXIT,0.7546,0.0059,19.0,100,49266.8,49281.2,Opposing FVGs overlap into a balanced price range.; Entry waits for price to return into the BPR and reject it.; Stop is beyond BPR with 0.25 ATR buffer.; Dynamic stop widened to 3.50 ATR; lot sizing must preserve the configured dollar-risk cap.,10.07,277.0
US30,M30,2026-01,2026-01-08 16:30:00,2026-01-08 17:00:00,SELL,49320.2,49615.275,47549.75,49306.8,SMART_EXIT,0.039,0.0064,19.0,92,49307.5,49387.2,Opposing FVGs overlap into a balanced price range.; Entry waits for price to return into the BPR and reject it.; Stop is beyond BPR with 0.25 ATR buffer.; Dynamic stop widened to 3.50 ATR; lot sizing must preserve the configured dollar-risk cap.,0.54,277.54
US30,M15,2026-01,2026-01-09 14:15:00,2026-01-09 14:45:00,BUY,49301.1,49152.55,50192.4,49301.1,TRAIL,-0.0141,0.0141,21.0,100,49292.8,49293.2,Opposing FVGs overlap into a balanced price range.; Entry waits for price to return into the BPR and reject it.; Stop is beyond BPR with 0.25 ATR buffer.; Dynamic stop widened to 3.50 ATR; lot sizing must preserve the configured dollar-risk cap.,-0.2,277.35
US30,M15,2026-01,2026-01-12 13:45:00,2026-01-12 14:30:00,BUY,49219.4,49168.65083,49523.895,49219.4,TRAIL,-0.0374,0.0374,19.0,100,49201.6,49203.6,Opposing FVGs overlap into a balanced price range.; Entry waits for price to return into the BPR and reject it.; Stop is beyond BPR with 0.25 ATR buffer.; Dynamic stop widened to 1.62 ATR; lot sizing must preserve the configured dollar-risk cap.,-0.52,276.83
US30,M15,2026-01,2026-01-19 13:00:00,2026-01-19 14:30:00,BUY,49008.1,48941.1473,49409.81622,48941.1473,SL,-1.0284,0.0284,19.0,100,48992.6,49005.3,Opposing FVGs overlap into a balanced price range.; Entry waits for price to return into the BPR and reject it.; Stop is beyond BPR with 0.25 ATR buffer.; Dynamic stop widened to 1.59 ATR; lot sizing must preserve the configured dollar-risk cap.,-14.23,262.59
US30,M30,2026-01,2026-01-20 05:30:00,2026-01-20 08:30:00,SELL,48943.2,48998.00357,48614.37857,48614.37857,TP,5.9617,0.0383,21.0,100,48958.1,48965.2,Opposing FVGs overlap into a balanced price range.; Entry waits for price to return into the BPR and reject it.; Stop is beyond BPR with 0.25 ATR buffer.; Dynamic stop widened to 1.50 ATR; lot sizing must preserve the configured dollar-risk cap.,78.28,340.87
US30,M15,2026-01,2026-01-21 10:30:00,2026-01-21 12:00:00,SELL,48598.0,48663.11541,48207.30756,48473.0,SMART_EXIT,1.8874,0.0323,21.0,100,48596.8,48607.2,Opposing FVGs overlap into a balanced price range.; Entry waits for price to return into the BPR and reject it.; Stop is beyond BPR with 0.25 ATR buffer.; Dynamic stop widened to 2.24 ATR; lot sizing must preserve the configured dollar-risk cap.,32.17,373.04
US30,M15,2026-01,2026-01-22 12:00:00,2026-01-22 14:45:00,BUY,49241.0,49169.77319,49668.36084,49525.90723,TRAIL,3.9733,0.0267,19.0,99,49232.2,49237.4,Opposing FVGs overlap into a balanced price range.; Entry waits for price to return into the BPR and reject it.; Stop is beyond BPR with 0.25 ATR buffer.; Dynamic stop widened to 2.07 ATR; lot sizing must preserve the configured dollar-risk cap.,74.11,447.15
US30,M30,2026-01,2026-01-23 14:30:00,2026-01-25 23:00:00,SELL,49159.2,49389.55,47777.1,48940.1,SMART_EXIT,0.942,0.0091,21.0,100,49222.4,49237.4,Opposing FVGs overlap into a balanced price range.; Entry waits for price to return into the BPR and reject it.; Stop is beyond BPR with 0.25 ATR buffer.; Dynamic stop widened to 3.50 ATR; lot sizing must preserve the configured dollar-risk cap.,21.06,468.21
US30,M30,2026-01,2026-01-26 10:30:00,2026-01-26 11:30:00,SELL,49100.5,49170.35974,48681.34154,49114.5,SMART_EXIT,-0.2305,0.0301,21.0,98,49104.8,49110.2,Opposing FVGs overlap into a balanced price range.; Entry waits for price to return into the BPR and reject it.; Stop is beyond BPR with 0.25 ATR buffer.; Dynamic stop widened to 1.59 ATR; lot sizing must preserve the configured dollar-risk cap.,-5.4,462.81
US30,M30,2026-01,2026-01-27 19:30:00,2026-01-28 00:30:00,SELL,49016.7,49266.01233,47520.82603,49057.2,SMART_EXIT,-0.1701,0.0076,19.0,100,49040.7,49050.4,Opposing FVGs overlap into a balanced price range.; Entry waits for price to return into the BPR and reject it.; Stop is beyond BPR with 0.25 ATR buffer.; Dynamic stop widened to 2.62 ATR; lot sizing must preserve the configured dollar-risk cap.,-3.94,458.87
US30,M30,2026-01,2026-01-28 06:00:00,2026-01-28 08:00:00,SELL,49063.8,49106.87321,48805.36071,49063.4,SMART_EXIT,-0.0348,0.0441,19.0,100,49096.5,49100.4,Opposing FVGs overlap into a balanced price range.; Entry waits for price to return into the BPR and reject it.; Stop is beyond BPR with 0.25 ATR buffer.,-0.8,458.08
US30,M30,2026-01,2026-01-29 06:30:00,2026-01-29 10:00:00,BUY,49035.2,48983.04286,49348.14286,49087.35714,TRAIL,0.9597,0.0403,21.0,96,49014.6,49024.2,Opposing FVGs overlap into a balanced price range.; Entry waits for price to return into the BPR and reject it.; Stop is beyond BPR with 0.25 ATR buffer.; Dynamic stop widened to 1.50 ATR; lot sizing must preserve the configured dollar-risk cap.,21.98,480.06
US30,M15,2026-01,2026-01-30 15:30:00,2026-01-30 16:00:00,BUY,48959.4,48633.975,50911.95,48724.4,SMART_EXIT,-0.7286,0.0065,21.0,100,48838.1,48839.4,Opposing FVGs overlap into a balanced price range.; Entry waits for price to return into the BPR and reject it.; Stop is beyond BPR with 0.25 ATR buffer.; Dynamic stop widened to 3.50 ATR; lot sizing must preserve the configured dollar-risk cap.,-17.49,462.57
US30,M15,2026-02,2026-02-02 13:00:00,2026-02-02 14:30:00,BUY,48881.8,48814.52679,49285.43929,48881.8,TRAIL,-0.0312,0.0312,21.0,100,48824.7,48831.3,Opposing FVGs overlap into a balanced price range.; Entry waits for price to return into the BPR and reject it.; Stop is beyond BPR with 0.25 ATR buffer.,-0.72,461.85
US30,M15,2026-02,2026-02-03 15:45:00,2026-02-03 16:30:00,BUY,49486.2,49152.775,51486.75,49349.2,SMART_EXIT,-0.4166,0.0057,19.0,100,49387.8,49411.2,Opposing FVGs overlap into a balanced price range.; Entry waits for price to return into the BPR and reject it.; Stop is beyond BPR with 0.25 ATR buffer.; Dynamic stop widened to 3.50 ATR; lot sizing must preserve the configured dollar-risk cap.,-9.62,452.23
US30,M30,2026-02,2026-02-04 18:00:00,2026-02-04 18:30:00,BUY,49300.2,48677.1,53038.8,49319.8,SMART_EXIT,0.0281,0.0034,21.0,96,49121.7,49168.5,Opposing FVGs overlap into a balanced price range.; Entry waits for price to return into the BPR and reject it.; Stop is beyond BPR with 0.25 ATR buffer.; Dynamic stop widened to 3.50 ATR; lot sizing must preserve the configured dollar-risk cap.,0.64,452.86
US30,M15,2026-02,2026-02-05 09:30:00,2026-02-05 10:15:00,SELL,49409.7,49500.38589,48865.58464,49500.38589,SL,-1.0232,0.0232,21.0,100,49453.7,49455.2,Opposing FVGs overlap into a balanced price range.; Entry waits for price to return into the BPR and reject it.; Stop is beyond BPR with 0.25 ATR buffer.; Dynamic stop widened to 1.84 ATR; lot sizing must preserve the configured dollar-risk cap.,-23.17,429.69
US30,M15,2026-02,2026-02-06 12:45:00,2026-02-06 14:45:00,BUY,49146.0,49060.04796,49661.71225,49661.71225,TP,5.9756,0.0244,21.0,96,49116.9,49137.7,Opposing FVGs overlap into a balanced price range.; Entry waits for price to return into the BPR and reject it.; Stop is beyond BPR with 0.25 ATR buffer.; Dynamic stop widened to 1.57 ATR; lot sizing must preserve the configured dollar-risk cap.,128.38,558.08
US30,M15,2026-02,2026-02-09 16:15:00,2026-02-09 23:15:00,BUY,50130.7,49882.02284,51622.76294,50136.4,SMART_EXIT,0.0153,0.0076,19.0,100,50113.7,50121.3,Opposing FVGs overlap into a balanced price range.; Entry waits for price to return into the BPR and reject it.; Stop is beyond BPR with 0.25 ATR buffer.; Dynamic stop widened to 3.41 ATR; lot sizing must preserve the configured dollar-risk cap.,0.43,558.5
US30,M15,2026-02,2026-02-10 18:15:00,2026-02-10 19:00:00,BUY,50226.2,49902.4,52169.0,50232.2,SMART_EXIT,0.012,0.0065,21.0,100,50220.9,50223.9,Opposing FVGs overlap into a balanced price range.; Entry waits for price to return into the BPR and reject it.; Stop is beyond BPR with 0.25 ATR buffer.; Dynamic stop widened to 3.50 ATR; lot sizing must preserve the configured dollar-risk cap.,0.34,558.84
US30,M15,2026-02,2026-02-11 06:00:00,2026-02-11 08:30:00,SELL,50323.8,50347.26275,50183.0235,50300.33725,TRAIL,0.919,0.081,19.0,100,50337.7,50340.2,Opposing FVGs overlap into a balanced price range.; Entry waits for price to return into the BPR and reject it.; Stop is beyond BPR with 0.25 ATR buffer.; Dynamic stop widened to 1.55 ATR; lot sizing must preserve the configured dollar-risk cap.,25.68,584.52
US30,M15,2026-02,2026-02-12 04:45:00,2026-02-12 06:30:00,BUY,50309.7,50276.27143,50510.27143,50276.27143,SL,-1.0628,0.0628,21.0,100,50300.8,50307.0,Opposing FVGs overlap into a balanced price range.; Entry waits for price to return into the BPR and reject it.; Stop is beyond BPR with 0.25 ATR buffer.; Dynamic stop widened to 1.50 ATR; lot sizing must preserve the configured dollar-risk cap.,-31.06,553.46
US30,M15,2026-02,2026-02-13 12:00:00,2026-02-13 13:30:00,SELL,49314.4,49415.43145,48708.21132,49415.43145,SL,-1.0208,0.0208,21.0,100,49339.7,49361.6,Opposing FVGs overlap into a balanced price range.; Entry waits for price to return into the BPR and reject it.; Stop is beyond BPR with 0.25 ATR buffer.; Dynamic stop widened to 1.96 ATR; lot sizing must preserve the configured dollar-risk cap.,-28.25,525.21
US30,M15,2026-02,2026-02-16 15:00:00,2026-02-16 16:00:00,SELL,49650.6,49785.64601,48840.32392,49612.5,SMART_EXIT,0.2666,0.0156,21.0,100,49694.5,49708.1,Opposing FVGs overlap into a balanced price range.; Entry waits for price to return into the BPR and reject it.; Stop is beyond BPR with 0.25 ATR buffer.; Dynamic stop widened to 3.15 ATR; lot sizing must preserve the configured dollar-risk cap.,7.0,532.21
US30,M15,2026-02,2026-02-17 13:45:00,2026-02-17 14:45:00,BUY,49434.7,49268.26006,50433.33962,49434.7,TRAIL,-0.0126,0.0126,21.0,100,49403.8,49412.6,Opposing FVGs overlap into a balanced price range.; Entry waits for price to return into the BPR and reject it.; Stop is beyond BPR with 0.25 ATR buffer.; Dynamic stop widened to 2.61 ATR; lot sizing must preserve the configured dollar-risk cap.,-0.34,531.87
US30,M15,2026-02,2026-02-18 13:00:00,2026-02-18 14:15:00,SELL,49677.1,49780.56568,49056.30593,49672.6,SMART_EXIT,0.0232,0.0203,21.0,98,49689.8,49696.4,Opposing FVGs overlap into a balanced price range.; Entry waits for price to return into the BPR and reject it.; Stop is beyond BPR with 0.25 ATR buffer.; Dynamic stop widened to 2.47 ATR; lot sizing must preserve the configured dollar-risk cap.,0.62,532.49
US30,M15,2026-02,2026-02-19 07:45:00,2026-02-19 08:30:00,BUY,49699.3,49665.64237,49901.2458,49699.3,TRAIL,-0.0624,0.0624,21.0,99,49692.7,49696.2,Opposing FVGs overlap into a balanced price range.; Entry waits for price to return into the BPR and reject it.; Stop is beyond BPR with 0.25 ATR buffer.; Dynamic stop widened to 1.51 ATR; lot sizing must preserve the configured dollar-risk cap.,-1.66,530.83
US30,M15,2026-02,2026-02-20 19:15:00,2026-02-22 23:15:00,BUY,49569.5,49171.50676,51957.45941,49565.7,SMART_EXIT,-0.0148,0.0053,21.0,100,49524.7,49533.3,Opposing FVGs overlap into a balanced price range.; Entry waits for price to return into the BPR and reject it.; Stop is beyond BPR with 0.25 ATR buffer.; Dynamic stop widened to 3.26 ATR; lot sizing must preserve the configured dollar-risk cap.,-0.39,530.44
US30,M30,2026-02,2026-02-23 08:30:00,2026-02-23 12:00:00,BUY,49464.1,49409.27679,49793.03929,49464.1,TRAIL,-0.0383,0.0383,21.0,100,49417.7,49418.2,Opposing FVGs overlap into a balanced price range.; Entry waits for price to return into the BPR and reject it.; Stop is beyond BPR with 0.25 ATR buffer.,-1.02,529.42
US30,M30,2026-02,2026-02-24 09:00:00,2026-02-24 11:00:00,SELL,48882.7,48960.53803,48415.67184,48960.53803,SL,-1.027,0.027,21.0,100,48897.7,48899.2,Opposing FVGs overlap into a balanced price range.; Entry waits for price to return into the BPR and reject it.; Stop is beyond BPR with 0.25 ATR buffer.; Dynamic stop widened to 2.01 ATR; lot sizing must preserve the configured dollar-risk cap.,-27.19,502.23
US30,M15,2026-02,2026-02-25 15:30:00,2026-02-25 21:30:00,BUY,49325.0,49099.65,50677.1,49471.6,SMART_EXIT,0.6412,0.0093,21.0,100,49234.5,49236.1,Opposing FVGs overlap into a balanced price range.; Entry waits for price to return into the BPR and reject it.; Stop is beyond BPR with 0.25 ATR buffer.; Dynamic stop widened to 3.50 ATR; lot sizing must preserve the configured dollar-risk cap.,16.1,518.34
US30,M15,2026-02,2026-02-27 07:00:00,2026-02-27 07:15:00,SELL,49290.8,49326.58359,49076.09846,49326.58359,SL,-1.0587,0.0587,21.0,97,49297.7,49302.2,Opposing FVGs overlap into a balanced price range.; Entry waits for price to return into the BPR and reject it.; Stop is beyond BPR with 0.25 ATR buffer.; Dynamic stop widened to 1.52 ATR; lot sizing must preserve the configured dollar-risk cap.,-27.44,490.9
US30,M15,2026-03,2026-03-02 20:45:00,2026-03-03 09:00:00,SELL,48924.5,49088.96551,47937.70693,48233.1,SMART_EXIT,4.1912,0.0128,21.0,100,48934.5,48944.2,Opposing FVGs overlap into a balanced price range.; Entry waits for price to return into the BPR and reject it.; Stop is beyond BPR with 0.25 ATR buffer.; Dynamic stop widened to 1.83 ATR; lot sizing must preserve the configured dollar-risk cap.,102.87,593.77
US30,M15,2026-03,2026-03-03 02:00:00,2026-03-03 02:30:00,BUY,48658.7,48588.63045,49079.11732,48675.2,SMART_EXIT,0.2055,0.03,21.0,100,48648.3,48668.2,Opposing FVGs overlap into a balanced price range.; Entry waits for price to return into the BPR and reject it.; Stop is beyond BPR with 0.25 ATR buffer.; Dynamic stop widened to 1.51 ATR; lot sizing must preserve the configured dollar-risk cap.,6.1,599.87
US30,M15,2026-03,2026-03-05 07:15:00,2026-03-05 08:00:00,BUY,48635.2,48556.83143,49105.41143,48556.83143,SL,-1.0268,0.0268,21.0,100,48583.4,48596.2,Opposing FVGs overlap into a balanced price range.; Entry waits for price to return into the BPR and reject it.; Stop is beyond BPR with 0.25 ATR buffer.; Dynamic stop widened to 1.64 ATR; lot sizing must preserve the configured dollar-risk cap.,-30.8,569.07
US30,M15,2026-03,2026-03-09 09:30:00,2026-03-09 10:00:00,SELL,47079.5,47283.51383,45855.417,46940.8,SMART_EXIT,0.6696,0.0103,21.0,100,47151.7,47251.1,Opposing FVGs overlap into a balanced price range.; Entry waits for price to return into the BPR and reject it.; Stop is beyond BPR with 0.25 ATR buffer.; Dynamic stop widened to 1.85 ATR; lot sizing must preserve the configured dollar-risk cap.,19.05,588.13
US30,M15,2026-03,2026-03-10 18:15:00,2026-03-10 19:15:00,BUY,47914.6,47580.6375,49918.37502,47767.2,SMART_EXIT,-0.4477,0.0063,21.0,100,47781.8,47808.4,Opposing FVGs overlap into a balanced price range.; Entry waits for price to return into the BPR and reject it.; Stop is beyond BPR with 0.25 ATR buffer.; Dynamic stop widened to 2.53 ATR; lot sizing must preserve the configured dollar-risk cap.,-13.17,574.96
US30,M15,2026-03,2026-03-11 12:30:00,2026-03-11 13:15:00,SELL,47565.4,47801.50714,46148.75714,47703.4,SMART_EXIT,-0.593,0.0085,20.0,100,47751.5,47779.2,Opposing FVGs overlap into a balanced price range.; Entry waits for price to return into the BPR and reject it.; Stop is beyond BPR with 0.25 ATR buffer.,-17.05,557.91
US30,M15,2026-03,2026-03-12 13:15:00,2026-03-12 13:30:00,BUY,46994.1,46845.49801,47885.71196,46845.49801,SL,-1.0141,0.0141,21.0,98,46951.7,46958.3,Opposing FVGs overlap into a balanced price range.; Entry waits for price to return into the BPR and reject it.; Stop is beyond BPR with 0.25 ATR buffer.; Dynamic stop widened to 2.06 ATR; lot sizing must preserve the configured dollar-risk cap.,-28.29,529.62
US30,M15,2026-03,2026-03-13 10:15:00,2026-03-13 10:45:00,SELL,46799.1,47012.90333,45516.28001,46850.2,SMART_EXIT,-0.2479,0.0089,19.0,100,46815.7,46843.3,Opposing FVGs overlap into a balanced price range.; Entry waits for price to return into the BPR and reject it.; Stop is beyond BPR with 0.25 ATR buffer.; Dynamic stop widened to 2.54 ATR; lot sizing must preserve the configured dollar-risk cap.,-6.56,523.06
US30,M30,2026-03,2026-03-16 16:30:00,2026-03-17 00:00:00,BUY,46951.3,46596.58016,49079.61906,46903.7,SMART_EXIT,-0.1395,0.0054,19.0,100,46843.1,46857.3,Opposing FVGs overlap into a balanced price range.; Entry waits for price to return into the BPR and reject it.; Stop is beyond BPR with 0.25 ATR buffer.; Dynamic stop widened to 2.52 ATR; lot sizing must preserve the configured dollar-risk cap.,-3.65,519.41
US30,M15,2026-03,2026-03-17 03:15:00,2026-03-17 04:45:00,SELL,46877.8,46927.675,46578.55,46927.675,SL,-1.0381,0.0381,19.0,100,46886.8,46889.4,Opposing FVGs overlap into a balanced price range.; Entry waits for price to return into the BPR and reject it.; Stop is beyond BPR with 0.25 ATR buffer.; Dynamic stop widened to 1.50 ATR; lot sizing must preserve the configured dollar-risk cap.,-26.96,492.45
US30,M15,2026-03,2026-03-20 13:45:00,2026-03-20 15:00:00,SELL,45904.2,46246.275,43851.75,45858.2,SMART_EXIT,0.1289,0.0056,19.0,100,46080.5,46081.4,Opposing FVGs overlap into a balanced price range.; Entry waits for price to return into the BPR and reject it.; Stop is beyond BPR with 0.25 ATR buffer.; Dynamic stop widened to 3.50 ATR; lot sizing must preserve the configured dollar-risk cap.,3.17,495.63
US30,M15,2026-03,2026-03-22 23:30:00,2026-03-23 00:45:00,BUY,45593.2,45355.81344,47017.51938,45520.2,SMART_EXIT,-0.3164,0.0088,21.0,94,45519.9,45591.6,Opposing FVGs overlap into a balanced price range.; Entry waits for price to return into the BPR and reject it.; Stop is beyond BPR with 0.25 ATR buffer.; Dynamic stop widened to 1.70 ATR; lot sizing must preserve the configured dollar-risk cap.,-7.84,487.78
US30,M15,2026-03,2026-03-23 04:30:00,2026-03-23 07:00:00,SELL,45497.7,45575.59286,45030.34286,45380.8,SMART_EXIT,1.4764,0.0244,19.0,100,45519.9,45531.7,Opposing FVGs overlap into a balanced price range.; Entry waits for price to return into the BPR and reject it.; Stop is beyond BPR with 0.25 ATR buffer.; Dynamic stop widened to 1.50 ATR; lot sizing must preserve the configured dollar-risk cap.,36.01,523.79
US30,M30,2026-03,2026-03-24 00:00:00,2026-03-24 00:30:00,BUY,46224.7,46025.97143,47417.07143,46025.97143,SL,-1.0106,0.0106,21.0,98,46116.7,46148.2,Opposing FVGs overlap into a balanced price range.; Entry waits for price to return into the BPR and reject it.; Stop is beyond BPR with 0.25 ATR buffer.; Dynamic stop widened to 1.50 ATR; lot sizing must preserve the configured dollar-risk cap.,-26.47,497.33
US30,M15,2026-03,2026-03-26 08:00:00,2026-03-26 08:45:00,SELL,46255.2,46385.37777,45474.13337,46237.6,SMART_EXIT,0.1206,0.0146,19.0,100,46360.8,46362.2,Opposing FVGs overlap into a balanced price range.; Entry waits for price to return into the BPR and reject it.; Stop is beyond BPR with 0.25 ATR buffer.; Dynamic stop widened to 2.16 ATR; lot sizing must preserve the configured dollar-risk cap.,3.0,500.32
US30,M15,2026-03,2026-03-27 08:00:00,2026-03-27 09:15:00,SELL,46064.3,46174.52143,45402.97143,45994.7,SMART_EXIT,0.6142,0.0172,19.0,100,46152.8,46162.5,Opposing FVGs overlap into a balanced price range.; Entry waits for price to return into the BPR and reject it.; Stop is beyond BPR with 0.25 ATR buffer.,15.36,515.69
US30,M15,2026-03,2026-03-31 07:15:00,2026-03-31 08:00:00,BUY,45603.8,45502.35898,46212.44613,45691.6,SMART_EXIT,0.8468,0.0187,19.0,100,45528.7,45547.4,Opposing FVGs overlap into a balanced price range.; Entry waits for price to return into the BPR and reject it.; Stop is beyond BPR with 0.25 ATR buffer.; Dynamic stop widened to 1.65 ATR; lot sizing must preserve the configured dollar-risk cap.,21.83,537.52
US30,M15,2026-04,2026-04-01 08:15:00,2026-04-01 10:00:00,SELL,46592.7,46773.68319,45506.80089,46617.3,SMART_EXIT,-0.1464,0.0105,19.0,97,46599.8,46616.3,Opposing FVGs overlap into a balanced price range.; Entry waits for price to return into the BPR and reject it.; Stop is beyond BPR with 0.25 ATR buffer.; Dynamic stop widened to 2.73 ATR; lot sizing must preserve the configured dollar-risk cap.,-3.93,533.59
US30,M30,2026-04,2026-04-06 03:00:00,2026-04-06 13:00:00,BUY,46368.7,45985.90849,48665.44907,46442.0,SMART_EXIT,0.1865,0.005,19.0,97,46314.6,46330.1,Opposing FVGs overlap into a balanced price range.; Entry waits for price to return into the BPR and reject it.; Stop is beyond BPR with 0.25 ATR buffer.; Dynamic stop widened to 3.39 ATR; lot sizing must preserve the configured dollar-risk cap.,4.98,538.56
US30,M15,2026-04,2026-04-07 12:45:00,2026-04-07 14:15:00,SELL,46566.7,46860.00794,44806.85236,46487.8,SMART_EXIT,0.2625,0.0065,19.0,100,46647.0,46659.0,Opposing FVGs overlap into a balanced price range.; Entry waits for price to return into the BPR and reject it.; Stop is beyond BPR with 0.25 ATR buffer.; Dynamic stop widened to 2.81 ATR; lot sizing must preserve the configured dollar-risk cap.,7.07,545.63
US30,M15,2026-04,2026-04-09 05:45:00,2026-04-09 06:30:00,BUY,47883.9,47845.82624,48112.34254,47872.5,SMART_EXIT,-0.3546,0.0552,21.0,98,47879.6,47881.1,Opposing FVGs overlap into a balanced price range.; Entry waits for price to return into the BPR and reject it.; Stop is beyond BPR with 0.25 ATR buffer.; Dynamic stop widened to 1.53 ATR; lot sizing must preserve the configured dollar-risk cap.,-9.67,535.96
US30,M30,2026-04,2026-04-10 14:30:00,2026-04-10 17:30:00,SELL,48069.5,48384.675,46178.45,47959.8,SMART_EXIT,0.342,0.006,19.0,100,48137.7,48180.3,Opposing FVGs overlap into a balanced price range.; Entry waits for price to return into the BPR and reject it.; Stop is beyond BPR with 0.25 ATR buffer.; Dynamic stop widened to 3.50 ATR; lot sizing must preserve the configured dollar-risk cap.,9.16,545.12
US30,M15,2026-04,2026-04-13 13:30:00,2026-04-13 14:00:00,SELL,47605.2,47888.25,45906.9,47725.7,SMART_EXIT,-0.4331,0.0074,21.0,100,47659.7,47661.6,Opposing FVGs overlap into a balanced price range.; Entry waits for price to return into the BPR and reject it.; Stop is beyond BPR with 0.25 ATR buffer.; Dynamic stop widened to 3.50 ATR; lot sizing must preserve the configured dollar-risk cap.,-11.8,533.32
US30,M15,2026-04,2026-04-14 10:00:00,2026-04-14 10:30:00,BUY,48284.8,48192.59861,48838.00832,48192.59861,SL,-1.0228,0.0228,21.0,100,48270.5,48271.3,Opposing FVGs overlap into a balanced price range.; Entry waits for price to return into the BPR and reject it.; Stop is beyond BPR with 0.25 ATR buffer.; Dynamic stop widened to 2.79 ATR; lot sizing must preserve the configured dollar-risk cap.,-27.27,506.05
US30,M30,2026-04,2026-04-16 15:00:00,2026-04-16 16:00:00,SELL,48476.7,48735.45,46924.2,48611.7,SMART_EXIT,-0.5291,0.0073,19.0,100,48553.7,48556.1,Opposing FVGs overlap into a balanced price range.; Entry waits for price to return into the BPR and reject it.; Stop is beyond BPR with 0.25 ATR buffer.; Dynamic stop widened to 3.50 ATR; lot sizing must preserve the configured dollar-risk cap.,-13.39,492.66
US30,M15,2026-04,2026-04-21 07:30:00,2026-04-21 08:30:00,SELL,49559.4,49611.37538,49247.54772,49596.0,SMART_EXIT,-0.7446,0.0404,21.0,100,49570.5,49571.2,Opposing FVGs overlap into a balanced price range.; Entry waits for price to return into the BPR and reject it.; Stop is beyond BPR with 0.25 ATR buffer.; Dynamic stop widened to 2.37 ATR; lot sizing must preserve the configured dollar-risk cap.,-18.34,474.32
US30,M15,2026-04,2026-04-22 16:15:00,2026-04-22 17:00:00,BUY,49450.2,49181.7365,51060.98099,49489.5,SMART_EXIT,0.1386,0.0078,21.0,100,49446.5,49450.2,Opposing FVGs overlap into a balanced price range.; Entry waits for price to return into the BPR and reject it.; Stop is beyond BPR with 0.25 ATR buffer.; Dynamic stop widened to 2.90 ATR; lot sizing must preserve the configured dollar-risk cap.,3.29,477.6
US30,M15,2026-04,2026-04-23 10:45:00,2026-04-23 11:45:00,SELL,49215.0,49300.12772,48704.23368,49300.12772,SL,-1.0247,0.0247,21.0,100,49217.5,49224.2,Opposing FVGs overlap into a balanced price range.; Entry waits for price to return into the BPR and reject it.; Stop is beyond BPR with 0.25 ATR buffer.; Dynamic stop widened to 1.72 ATR; lot sizing must preserve the configured dollar-risk cap.,-24.47,453.13
US30,M15,2026-04,2026-04-24 06:45:00,2026-04-24 07:30:00,BUY,49268.2,49226.81407,49516.51557,49268.2,TRAIL,-0.0507,0.0507,21.0,100,49244.4,49249.7,Opposing FVGs overlap into a balanced price range.; Entry waits for price to return into the BPR and reject it.; Stop is beyond BPR with 0.25 ATR buffer.; Dynamic stop widened to 1.60 ATR; lot sizing must preserve the configured dollar-risk cap.,-1.15,451.98
US30,M15,2026-04,2026-04-27 03:30:00,2026-04-27 04:45:00,BUY,49232.5,49184.53214,49520.30714,49202.2,SMART_EXIT,-0.6755,0.0438,21.0,100,49206.5,49217.4,Opposing FVGs overlap into a balanced price range.; Entry waits for price to return into the BPR and reject it.; Stop is beyond BPR with 0.25 ATR buffer.; Dynamic stop widened to 1.50 ATR; lot sizing must preserve the configured dollar-risk cap.,-15.27,436.72
US30,M15,2026-04,2026-04-28 15:30:00,2026-04-28 16:00:00,SELL,49258.6,49521.71986,47679.88082,49325.2,SMART_EXIT,-0.2611,0.008,21.0,99,49274.7,49290.1,Opposing FVGs overlap into a balanced price range.; Entry waits for price to return into the BPR and reject it.; Stop is beyond BPR with 0.25 ATR buffer.; Dynamic stop widened to 3.11 ATR; lot sizing must preserve the configured dollar-risk cap.,-5.7,431.02
US30,M30,2026-05,2026-05-01 13:30:00,2026-05-01 14:30:00,BUY,49961.1,49748.175,51238.65,49810.2,SMART_EXIT,-0.7186,0.0099,21.0,100,49796.5,49798.4,Opposing FVGs overlap into a balanced price range.; Entry waits for price to return into the BPR and reject it.; Stop is beyond BPR with 0.25 ATR buffer.; Dynamic stop widened to 3.50 ATR; lot sizing must preserve the configured dollar-risk cap.,-15.49,415.53
US30,M15,2026-05,2026-05-05 11:15:00,2026-05-05 13:30:00,BUY,49114.4,49034.13457,49595.99257,49114.4,TRAIL,-0.0262,0.0262,21.0,100,49054.4,49062.4,Opposing FVGs overlap into a balanced price range.; Entry waits for price to return into the BPR and reject it.; Stop is beyond BPR with 0.25 ATR buffer.; Dynamic stop widened to 2.22 ATR; lot sizing must preserve the configured dollar-risk cap.,-0.54,414.99
US30,M15,2026-05,2026-05-06 12:30:00,2026-05-06 13:45:00,SELL,49792.8,50068.7,48137.4,49876.7,SMART_EXIT,-0.3117,0.0076,21.0,96,49785.7,49803.4,Opposing FVGs overlap into a balanced price range.; Entry waits for price to return into the BPR and reject it.; Stop is beyond BPR with 0.25 ATR buffer.; Dynamic stop widened to 3.50 ATR; lot sizing must preserve the configured dollar-risk cap.,-6.47,408.52
US30,M30,2026-05,2026-05-08 12:00:00,2026-05-08 12:30:00,SELL,49786.8,49856.56272,49368.22366,49856.56272,SL,-1.0301,0.0301,21.0,100,49801.7,49803.4,Opposing FVGs overlap into a balanced price range.; Entry waits for price to return into the BPR and reject it.; Stop is beyond BPR with 0.25 ATR buffer.; Dynamic stop widened to 1.53 ATR; lot sizing must preserve the configured dollar-risk cap.,-21.04,387.48
US30,M15,2026-05,2026-05-13 10:00:00,2026-05-13 13:00:00,SELL,49687.1,49771.43908,49181.06552,49650.1,SMART_EXIT,0.4138,0.0249,21.0,100,49712.5,49723.6,Opposing FVGs overlap into a balanced price range.; Entry waits for price to return into the BPR and reject it.; Stop is beyond BPR with 0.25 ATR buffer.; Dynamic stop widened to 2.46 ATR; lot sizing must preserve the configured dollar-risk cap.,8.02,395.5
US30,M30,2026-05,2026-05-15 10:00:00,2026-05-15 13:00:00,SELL,49795.9,49934.60928,48963.64431,49750.6,SMART_EXIT,0.3114,0.0151,21.0,98,49847.5,49852.2,Opposing FVGs overlap into a balanced price range.; Entry waits for price to return into the BPR and reject it.; Stop is beyond BPR with 0.25 ATR buffer.; Dynamic stop widened to 1.93 ATR; lot sizing must preserve the configured dollar-risk cap.,6.16,401.65
US30,M30,2026-05,2026-05-19 05:00:00,2026-05-19 08:00:00,BUY,49622.2,49532.53214,50160.20714,49672.3,SMART_EXIT,0.5353,0.0234,21.0,98,49565.5,49570.2,Opposing FVGs overlap into a balanced price range.; Entry waits for price to return into the BPR and reject it.; Stop is beyond BPR with 0.25 ATR buffer.; Dynamic stop widened to 1.50 ATR; lot sizing must preserve the configured dollar-risk cap.,10.75,412.4
US30,M15,2026-05,2026-05-20 07:45:00,2026-05-20 13:15:00,BUY,49386.7,49326.06786,49750.49286,49568.59643,TRAIL,2.9654,0.0346,21.0,99,49378.7,49389.3,Opposing FVGs overlap into a balanced price range.; Entry waits for price to return into the BPR and reject it.; Stop is beyond BPR with 0.25 ATR buffer.; Dynamic stop widened to 1.50 ATR; lot sizing must preserve the configured dollar-risk cap.,61.15,473.55
US30,M15,2026-05,2026-05-21 14:30:00,2026-05-21 17:00:00,SELL,49989.6,50341.0,47881.2,50056.4,SMART_EXIT,-0.1961,0.006,21.0,100,50103.7,50109.1,Opposing FVGs overlap into a balanced price range.; Entry waits for price to return into the BPR and reject it.; Stop is beyond BPR with 0.25 ATR buffer.; Dynamic stop widened to 3.50 ATR; lot sizing must preserve the configured dollar-risk cap.,-4.64,468.91
US30,M15,2026-05,2026-05-22 06:15:00,2026-05-22 07:15:00,SELL,50485.7,50533.65165,50197.99009,50485.7,TRAIL,-0.0438,0.0438,21.0,100,50493.7,50497.3,Opposing FVGs overlap into a balanced price range.; Entry waits for price to return into the BPR and reject it.; Stop is beyond BPR with 0.25 ATR buffer.; Dynamic stop widened to 1.91 ATR; lot sizing must preserve the configured dollar-risk cap.,-1.03,467.88
US30,M30,2026-05,2026-05-27 12:00:00,2026-05-27 14:00:00,SELL,50647.1,50791.38422,49781.39466,50791.38422,SL,-1.0159,0.0159,23.0,100,50661.9,50687.0,Opposing FVGs overlap into a balanced price range.; Entry waits for price to return into the BPR and reject it.; Stop is beyond BPR with 0.25 ATR buffer.; Dynamic stop widened to 2.48 ATR; lot sizing must preserve the configured dollar-risk cap.,-23.77,444.11
US30,M15,2026-05,2026-05-28 08:15:00,2026-05-28 08:45:00,BUY,50649.7,50591.41194,50999.42837,50661.5,SMART_EXIT,0.1664,0.036,21.0,100,50629.5,50632.1,Opposing FVGs overlap into a balanced price range.; Entry waits for price to return into the BPR and reject it.; Stop is beyond BPR with 0.25 ATR buffer.; Dynamic stop widened to 1.63 ATR; lot sizing must preserve the configured dollar-risk cap.,3.7,447.81
US30,M15,2026-05,2026-05-29 18:15:00,2026-05-29 19:15:00,SELL,51013.2,51138.0424,50264.14563,51107.7,SMART_EXIT,-0.7738,0.0168,21.0,97,51016.0,51021.4,Opposing FVGs overlap into a balanced price range.; Entry waits for price to return into the BPR and reject it.; Stop is beyond BPR with 0.25 ATR buffer.; Dynamic stop widened to 2.13 ATR; lot sizing must preserve the configured dollar-risk cap.,-17.33,430.48
US30,M15,2026-06,2026-06-01 23:45:00,2026-06-02 00:00:00,BUY,50971.4,50919.51071,51282.73571,50919.51071,SL,-1.0443,0.0443,23.0,98,50952.8,50953.0,Opposing FVGs overlap into a balanced price range.; Entry waits for price to return into the BPR and reject it.; Stop is beyond BPR with 0.25 ATR buffer.; Dynamic stop widened to 1.50 ATR; lot sizing must preserve the configured dollar-risk cap.,-22.48,408.01
US30,M15,2026-06,2026-06-02 14:00:00,2026-06-02 23:00:00,BUY,51007.5,50686.125,52935.75,51336.4,SMART_EXIT,1.0169,0.0065,21.0,100,50941.6,50952.9,Opposing FVGs overlap into a balanced price range.; Entry waits for price to return into the BPR and reject it.; Stop is beyond BPR with 0.25 ATR buffer.; Dynamic stop widened to 3.50 ATR; lot sizing must preserve the configured dollar-risk cap.,20.75,428.75
US30,M15,2026-06,2026-06-03 13:30:00,2026-06-04 04:00:00,SELL,51147.1,51348.2,49940.5,50794.7,SMART_EXIT,1.7419,0.0104,21.0,100,51240.6,51243.8,Opposing FVGs overlap into a balanced price range.; Entry waits for price to return into the BPR and reject it.; Stop is beyond BPR with 0.25 ATR buffer.; Dynamic stop widened to 3.50 ATR; lot sizing must preserve the configured dollar-risk cap.,37.34,466.09
US30,M30,2026-06,2026-06-08 13:30:00,2026-06-08 14:30:00,SELL,51050.4,51454.39464,48626.43214,51181.7,SMART_EXIT,-0.3302,0.0052,21.0,100,51349.3,51424.8,Opposing FVGs overlap into a balanced price range.; Entry waits for price to return into the BPR and reject it.; Stop is beyond BPR with 0.25 ATR buffer.,-7.7,458.4
US30,M30,2026-06,2026-06-10 12:30:00,2026-06-11 01:00:00,SELL,50690.4,50944.78597,49164.0842,50100.2,SMART_EXIT,2.3122,0.0079,20.0,99,50709.5,50758.1,Opposing FVGs overlap into a balanced price range.; Entry waits for price to return into the BPR and reject it.; Stop is beyond BPR with 0.25 ATR buffer.; Dynamic stop widened to 2.22 ATR; lot sizing must preserve the configured dollar-risk cap.,53.0,511.39
US30,M30,2026-06,2026-06-11 12:00:00,2026-06-11 14:00:00,BUY,50239.1,50111.01276,51007.62344,50239.1,TRAIL,-0.0164,0.0164,21.0,99,50189.7,50208.2,Opposing FVGs overlap into a balanced price range.; Entry waits for price to return into the BPR and reject it.; Stop is beyond BPR with 0.25 ATR buffer.; Dynamic stop widened to 1.58 ATR; lot sizing must preserve the configured dollar-risk cap.,-0.42,510.97
US30,M15,2026-06,2026-06-12 11:15:00,2026-06-12 13:00:00,SELL,51253.4,51452.97842,50055.92948,51178.6,SMART_EXIT,0.3643,0.0105,21.0,100,51260.6,51272.6,Opposing FVGs overlap into a balanced price range.; Entry waits for price to return into the BPR and reject it.; Stop is beyond BPR with 0.25 ATR buffer.; Dynamic stop widened to 2.33 ATR; lot sizing must preserve the configured dollar-risk cap.,9.31,520.28
US30,M15,2026-06,2026-06-15 08:30:00,2026-06-15 11:15:00,SELL,51757.1,51845.02577,51229.54538,51802.1,SMART_EXIT,-0.5357,0.0239,21.0,96,51755.8,51764.1,Opposing FVGs overlap into a balanced price range.; Entry waits for price to return into the BPR and reject it.; Stop is beyond BPR with 0.25 ATR buffer.; Dynamic stop widened to 2.03 ATR; lot sizing must preserve the configured dollar-risk cap.,-13.94,506.35
US30,M15,2026-06,2026-06-17 14:45:00,2026-06-17 18:00:00,BUY,52235.1,51979.75,53767.2,51979.75,SL,-1.0082,0.0082,21.0,100,52206.7,52211.4,Opposing FVGs overlap into a balanced price range.; Entry waits for price to return into the BPR and reject it.; Stop is beyond BPR with 0.25 ATR buffer.; Dynamic stop widened to 3.50 ATR; lot sizing must preserve the configured dollar-risk cap.,-25.52,480.82
US30,M30,2026-06,2026-06-18 00:00:00,2026-06-18 12:00:00,SELL,51905.1,52319.33775,49419.67347,51847.6,SMART_EXIT,0.1337,0.0051,21.0,97,51898.6,51919.2,Opposing FVGs overlap into a balanced price range.; Entry waits for price to return into the BPR and reject it.; Stop is beyond BPR with 0.25 ATR buffer.; Dynamic stop widened to 2.93 ATR; lot sizing must preserve the configured dollar-risk cap.,3.21,484.04
US30,M30,2026-06,2026-06-19 11:30:00,2026-06-19 12:30:00,SELL,51555.4,51633.1379,51088.9726,51633.1379,SL,-1.0296,0.0296,23.0,98,51564.5,51570.3,Opposing FVGs overlap into a balanced price range.; Entry waits for price to return into the BPR and reject it.; Stop is beyond BPR with 0.25 ATR buffer.; Dynamic stop widened to 1.57 ATR; lot sizing must preserve the configured dollar-risk cap.,-24.92,459.12
US30,M15,2026-06,2026-06-22 08:00:00,2026-06-22 11:15:00,BUY,51643.6,51584.54116,51997.95305,51702.65884,TRAIL,0.9644,0.0356,21.0,98,51625.7,51631.1,Opposing FVGs overlap into a balanced price range.; Entry waits for price to return into the BPR and reject it.; Stop is beyond BPR with 0.25 ATR buffer.; Dynamic stop widened to 1.62 ATR; lot sizing must preserve the configured dollar-risk cap.,22.14,481.26
US30,M30,2026-06,2026-06-25 08:00:00,2026-06-25 10:30:00,BUY,52047.4,51979.675,52453.75,52115.125,TRAIL,0.969,0.031,21.0,95,52020.7,52038.1,Opposing FVGs overlap into a balanced price range.; Entry waits for price to return into the BPR and reject it.; Stop is beyond BPR with 0.25 ATR buffer.; Dynamic stop widened to 1.50 ATR; lot sizing must preserve the configured dollar-risk cap.,23.32,504.57
US30,M15,2026-06,2026-06-26 12:15:00,2026-06-26 13:30:00,SELL,52036.5,52150.65179,51351.58929,51922.34821,TRAIL,0.9816,0.0184,21.0,100,52116.2,52135.4,Opposing FVGs overlap into a balanced price range.; Entry waits for price to return into the BPR and reject it.; Stop is beyond BPR with 0.25 ATR buffer.,24.76,529.34
