scenario,symbol,config,side,pivot_time,entry_time,exit_time,entry,initial_stop,exit,exit_reason,bars_held,result_r,risk_pct,applied_risk_pct,loss_streak_before,risk_cash,pnl_cash,balance,drawdown_pct
progression_fixed_1_7r,XAUUSD,fixed_1.7R,sell,2025-08-14T00:00:00+00:00,2025-08-15T00:00:00+00:00,2025-08-22T16:00:00+00:00,3336.21,3375.01,3375.01,stop,34,-1.0,0.5,0.5,0,5.0,-5.0,995.0,0.5
progression_fixed_1_7r,XAUUSD,fixed_1.7R,buy,2025-08-22T12:00:00+00:00,2025-08-25T12:00:00+00:00,2025-08-29T16:00:00+00:00,3364.14,3321.4,3436.7979999999993,target,25,1.6999999999999957,0.5,0.8,1,7.96,13.531999999999966,1008.5319999999999,0.0
progression_fixed_1_7r,XAUUSD,fixed_1.7R,buy,2025-09-04T04:00:00+00:00,2025-09-05T04:00:00+00:00,2025-09-08T12:00:00+00:00,3552.39,3511.1,3622.5829999999996,target,8,1.6999999999999955,0.5,0.5,0,5.04266,8.572521999999976,1017.1045219999999,0.0
progression_fixed_1_7r,XAUUSD,fixed_1.7R,buy,2025-09-10T00:00:00+00:00,2025-09-11T00:00:00+00:00,2025-09-11T12:00:00+00:00,3642.27,3618.92,3618.92,stop,3,-1.0,0.5,0.5,0,5.085522609999999,-5.085522609999999,1012.0189993899999,0.49999999999999994
progression_fixed_1_7r,XAUUSD,fixed_1.7R,buy,2025-09-11T12:00:00+00:00,2025-09-12T12:00:00+00:00,2025-09-16T04:00:00+00:00,3641.23,3614.09,3687.368,target,10,1.700000000000005,0.5,0.8,1,8.09615199512,13.76345839170404,1025.782457781704,0.0
progression_fixed_1_7r,XAUUSD,fixed_1.7R,buy,2025-09-18T16:00:00+00:00,2025-09-19T16:00:00+00:00,2025-09-22T00:00:00+00:00,3649.29,3627.92,3685.6189999999997,target,2,1.6999999999999957,0.5,0.5,0,5.12891228890852,8.719150891144462,1034.5016086728483,0.0
progression_fixed_1_7r,XAUUSD,fixed_1.7R,buy,2025-09-24T20:00:00+00:00,2025-09-25T20:00:00+00:00,2025-09-26T16:00:00+00:00,3733.92,3717.44,3761.936,target,5,1.7000000000000028,0.5,0.5,0,5.172508043364242,8.793263673719226,1043.2948723465674,0.0
progression_fixed_1_7r,XAUUSD,fixed_1.7R,buy,2025-09-30T12:00:00+00:00,2025-10-01T12:00:00+00:00,2025-10-13T08:00:00+00:00,3893.16,3793.13,4063.2109999999993,target,47,1.699999999999999,0.5,0.5,0,5.216474361732837,8.86800641494582,1052.1628787615132,0.0
progression_fixed_1_7r,XAUUSD,fixed_1.7R,buy,2025-10-17T20:00:00+00:00,2025-10-20T20:00:00+00:00,2025-10-21T16:00:00+00:00,4348.06,4186.03,4186.03,stop,5,-1.0,0.5,0.5,0,5.260814393807566,-5.260814393807566,1046.9020643677056,0.49999999999999845
progression_fixed_1_7r,XAUUSD,fixed_1.7R,buy,2025-10-22T00:00:00+00:00,2025-10-23T00:00:00+00:00,2025-10-27T16:00:00+00:00,4095.83,4003.74,4003.74,stop,16,-1.0,0.5,0.8,1,8.375216514941645,-8.375216514941645,1038.526847852764,1.296000000000005
progression_fixed_1_7r,XAUUSD,fixed_1.7R,buy,2025-10-30T04:00:00+00:00,2025-10-31T04:00:00+00:00,2025-11-13T04:00:00+00:00,4025.48,3915.41,4212.599,target,54,1.6999999999999988,0.5,1.2800000000000002,2,13.29314365251538,22.598344209276128,1061.12519206204,0.0
progression_fixed_1_7r,XAUUSD,fixed_1.7R,buy,2025-11-14T16:00:00+00:00,2025-11-17T16:00:00+00:00,2025-11-17T20:00:00+00:00,4065.52,4032.21,4032.21,stop,1,-1.0,0.5,0.5,0,5.3056259603102,-5.3056259603102,1055.8195661017298,0.49999999999999817
progression_fixed_1_7r,XAUUSD,fixed_1.7R,buy,2025-11-18T08:00:00+00:00,2025-11-19T08:00:00+00:00,2025-12-01T12:00:00+00:00,4095.7,3997.96,4261.857999999999,target,47,1.6999999999999982,0.5,0.8,1,8.44655652881384,14.359146098983512,1070.1787122007133,0.0
progression_fixed_1_7r,XAUUSD,fixed_1.7R,buy,2025-12-02T16:00:00+00:00,2025-12-03T16:00:00+00:00,2025-12-18T16:00:00+00:00,4237.42,4163.32,4363.39,target,66,1.699999999999995,0.5,0.5,0,5.350893561003566,9.096519053706036,1079.2752312544194,0.0
progression_fixed_1_7r,XAUUSD,fixed_1.7R,buy,2025-12-18T16:00:00+00:00,2025-12-19T16:00:00+00:00,2025-12-22T00:00:00+00:00,4328.61,4308.71,4362.439999999999,target,2,1.6999999999999817,0.5,0.5,0,5.396376156272097,9.173839465662466,1088.4490707200819,0.0
progression_fixed_1_7r,XAUUSD,fixed_1.7R,buy,2025-12-24T16:00:00+00:00,2025-12-26T16:00:00+00:00,2025-12-29T08:00:00+00:00,4525.35,4448.32,4448.32,stop,4,-1.0,0.5,0.5,0,5.442245353600409,-5.442245353600409,1083.0068253664815,0.49999999999999506
progression_fixed_1_7r,XAUUSD,fixed_1.7R,buy,2025-12-29T16:00:00+00:00,2025-12-30T16:00:00+00:00,2025-12-31T04:00:00+00:00,4388.68,4303.01,4303.01,stop,3,-1.0,0.5,0.8,1,8.664054602931852,-8.664054602931852,1074.3427707635497,1.2959999999999954
progression_fixed_1_7r,XAUUSD,fixed_1.7R,buy,2025-12-31T08:00:00+00:00,2026-01-02T08:00:00+00:00,2026-01-12T00:00:00+00:00,4380.97,4274.66,4561.697000000001,target,34,1.7000000000000008,0.5,1.2800000000000002,2,13.751587465773438,23.377698691814857,1097.7204694553645,0.0
progression_fixed_1_7r,XAUUSD,fixed_1.7R,buy,2026-01-13T20:00:00+00:00,2026-01-14T20:00:00+00:00,2026-01-16T16:00:00+00:00,4614.14,4569.26,4569.26,stop,11,-1.0,0.5,0.5,0,5.488602347276823,-5.488602347276823,1092.2318671080877,0.4999999999999989
progression_fixed_1_7r,XAUUSD,fixed_1.7R,buy,2026-01-16T16:00:00+00:00,2026-01-19T16:00:00+00:00,2026-01-21T08:00:00+00:00,4666.37,4536.54,4887.081,target,10,1.7000000000000028,0.5,0.8,1,8.737854936864702,14.854353392670017,1107.0862205007577,0.0
progression_fixed_1_7r,XAUUSD,fixed_1.7R,buy,2026-01-21T20:00:00+00:00,2026-01-22T20:00:00+00:00,2026-01-27T20:00:00+00:00,4904.59,4755.95,5157.278,target,18,1.6999999999999968,0.5,0.5,0,5.535431102503789,9.410232874256423,1116.4964533750142,0.0
progression_fixed_1_7r,XAUUSD,fixed_1.7R,buy,2026-02-02T08:00:00+00:00,2026-02-03T08:00:00+00:00,2026-03-18T08:00:00+00:00,4825.48,4402.4,4986.98,opposite_signal,186,0.38172449654911605,0.5,0.5,0,5.582482266875071,2.130970232817255,1118.6274236078314,0.0
progression_fixed_1_7r,XAUUSD,fixed_1.7R,sell,2026-03-17T08:00:00+00:00,2026-03-18T08:00:00+00:00,2026-03-18T12:00:00+00:00,4986.98,5044.68,4888.8899999999985,target,1,1.6999999999999968,0.5,0.5,0,5.593137118039157,9.50833310066655,1128.1357567084979,0.0
progression_fixed_1_7r,XAUUSD,fixed_1.7R,sell,2026-03-25T04:00:00+00:00,2026-03-26T04:00:00+00:00,2026-03-26T08:00:00+00:00,4535.67,4602.85,4421.464,target,1,1.6999999999999946,0.5,0.5,0,5.640678783542489,9.589153932022201,1137.72491064052,0.0
progression_fixed_1_7r,XAUUSD,fixed_1.7R,sell,2026-04-02T00:00:00+00:00,2026-04-06T00:00:00+00:00,2026-04-08T00:00:00+00:00,4667.81,4800.61,4800.61,stop,12,-1.0,0.5,0.5,0,5.6886245532026,-5.6886245532026,1132.0362860873174,0.49999999999999506
progression_fixed_1_7r,XAUUSD,fixed_1.7R,sell,2026-04-08T00:00:00+00:00,2026-04-09T00:00:00+00:00,2026-04-15T04:00:00+00:00,4720.31,4857.64,4857.64,stop,25,-1.0,0.5,0.8,1,9.05629028869854,-9.05629028869854,1122.9799957986188,1.2960000000000023
progression_fixed_1_7r,XAUUSD,fixed_1.7R,buy,2026-04-20T00:00:00+00:00,2026-04-21T00:00:00+00:00,2026-04-21T16:00:00+00:00,4821.5,4737.07,4737.07,stop,4,-1.0,0.5,1.2800000000000002,2,14.374143946222324,-14.374143946222324,1108.6058518523964,2.5594112000000067
progression_fixed_1_7r,XAUUSD,fixed_1.7R,sell,2026-04-21T00:00:00+00:00,2026-04-22T00:00:00+00:00,2026-04-29T16:00:00+00:00,4720.85,4833.23,4529.804000000002,target,34,1.6999999999999984,0.5,2.0480000000000005,3,22.704247845937083,38.59722133809301,1147.2030731904895,0.0
progression_fixed_1_7r,XAUUSD,fixed_1.7R,sell,2026-04-30T12:00:00+00:00,2026-05-01T12:00:00+00:00,2026-05-01T16:00:00+00:00,4569.21,4647.14,4647.14,stop,1,-1.0,0.5,0.5,0,5.736015365952447,-5.736015365952447,1141.467057824537,0.4999999999999981
progression_fixed_1_7r,XAUUSD,fixed_1.7R,sell,2026-05-01T16:00:00+00:00,2026-05-04T16:00:00+00:00,2026-05-06T08:00:00+00:00,4568.32,4660.46,4660.46,stop,10,-1.0,0.5,0.8,1,9.131736462596297,-9.131736462596297,1132.3353213619407,1.2960000000000016
progression_fixed_1_7r,XAUUSD,fixed_1.7R,sell,2026-05-07T16:00:00+00:00,2026-05-08T16:00:00+00:00,2026-05-11T00:00:00+00:00,4724.4,4764.96,4683.16,opposite_signal,2,1.0167652859960399,0.5,1.2800000000000002,2,14.493892113432844,14.736886359910292,1147.072207721851,0.011407349901393292
progression_fixed_1_7r,XAUUSD,fixed_1.7R,buy,2026-05-08T00:00:00+00:00,2026-05-11T00:00:00+00:00,2026-05-11T00:00:00+00:00,4683.16,4677.51,4677.51,stop,0,-1.0,0.5,0.5,0,5.7353610386092555,-5.7353610386092555,1141.336846683242,0.5113503131518813
progression_fixed_1_7r,XAUUSD,fixed_1.7R,sell,2026-05-08T16:00:00+00:00,2026-05-11T16:00:00+00:00,2026-05-12T00:00:00+00:00,4699.93,4749.56,4749.56,stop,2,-1.0,0.5,0.8,1,9.130694773465935,-9.130694773465935,1132.206151909776,1.3072595106466587
progression_fixed_1_7r,XAUUSD,fixed_1.7R,buy,2026-05-11T08:00:00+00:00,2026-05-12T08:00:00+00:00,2026-05-12T16:00:00+00:00,4714.37,4648.09,4648.09,stop,2,-1.0,0.5,1.2800000000000002,2,14.492238744445137,-14.492238744445137,1117.713913165331,2.5705265889103788
progression_fixed_1_7r,XAUUSD,fixed_1.7R,sell,2026-05-12T00:00:00+00:00,2026-05-13T00:00:00+00:00,2026-05-15T04:00:00+00:00,4711.66,4773.67,4606.2429999999995,target,13,1.7,0.5,2.0480000000000005,3,22.890780941625984,38.914327600764175,1156.6282407660951,0.0
progression_fixed_1_7r,XAUUSD,fixed_1.7R,sell,2026-05-14T08:00:00+00:00,2026-05-15T08:00:00+00:00,2026-05-27T16:00:00+00:00,4605.93,4718.97,4413.762000000001,target,50,1.6999999999999975,0.5,0.5,0,5.783141203830476,9.831340046511794,1166.4595808126069,0.0
progression_fixed_1_7r,XAUUSD,fixed_1.7R,sell,2026-05-29T16:00:00+00:00,2026-06-01T16:00:00+00:00,2026-06-05T16:00:00+00:00,4502.76,4595.55,4345.017,target,24,1.7000000000000048,0.5,0.5,0,5.832297904063035,9.914906436907188,1176.374487249514,0.0
progression_fixed_1_7r,XAUUSD,fixed_1.7R,sell,2026-06-09T16:00:00+00:00,2026-06-10T16:00:00+00:00,2026-06-15T16:00:00+00:00,4147.06,4363.7,4363.7,stop,18,-1.0,0.5,0.5,0,5.88187243624757,-5.88187243624757,1170.4926148132665,0.4999999999999921
progression_fixed_1_7r,XAUUSD,fixed_1.7R,sell,2026-06-15T16:00:00+00:00,2026-06-16T16:00:00+00:00,2026-06-16T16:00:00+00:00,4354.39,4369.73,4328.312000000002,target,0,1.699999999999994,0.5,0.8,1,9.363940918506133,15.91869956146037,1186.411314374727,0.0
progression_fixed_1_7r,XAUUSD,fixed_1.7R,sell,2026-06-17T20:00:00+00:00,2026-06-18T20:00:00+00:00,2026-06-30T04:00:00+00:00,4219.92,4382.41,3943.6870000000004,target,43,1.7000000000000006,0.5,0.5,0,5.932056571873635,10.084496172185183,1196.4958105469123,0.0
progression_fixed_1_7r,XAUUSD,fixed_1.7R,sell,2026-06-30T16:00:00+00:00,2026-07-01T16:00:00+00:00,2026-07-01T16:00:00+00:00,4023.07,4063.6,4063.6,stop,0,-1.0,0.5,0.5,0,5.982479052734561,-5.982479052734561,1190.5133314941777,0.5
progression_fixed_1_7r,XAUUSD,fixed_1.7R,sell,2026-07-06T04:00:00+00:00,2026-07-07T04:00:00+00:00,2026-07-08T12:00:00+00:00,4146.06,4203.25,4048.837000000001,target,8,1.7000000000000033,0.5,0.8,1,9.524106651953423,16.19098130832085,1206.7043128024986,0.0
progression_fixed_1_7r,XAUUSD,fixed_1.7R,sell,2026-07-07T16:00:00+00:00,2026-07-08T16:00:00+00:00,2026-07-31T20:00:00+00:00,4072.18,4180.7,4046.83,end_of_period,103,0.23359749354957532,0.5,0.5,0,6.033521564012493,1.409415514630632,1208.1137283171292,0.0
