instrument,symbol,session_date,direction,entry_mode,stop_mode,exit_mode,rr_target,entry_time,exit_time,entry,stop,target,exit_price,pnl_r,outcome,portfolio_risk_cash,portfolio_pnl_cash,portfolio_balance_after_exit,asian_high,asian_low,asian_range,adr,range_adr_fraction,mae_r,ambiguous_bar
GBPJPY,GBPJPYb,2025-08-05,buy,confirmed_close,opposite,fixed,0.5,2025-08-05 09:45:00+00:00,2025-08-05 11:30:00+00:00,195.627,195.028,195.92650000000003,195.92650000000003,0.5,win,14.508774514133709,7.254387257066854,974.5060215326474,195.557,195.028,0.5289999999999964,1.4842142857142875,0.35641753693632705,-0.18530884808015874,False
GBPJPY,GBPJPYb,2025-08-11,buy,confirmed_close,opposite,fixed,0.5,2025-08-11 09:00:00+00:00,2025-08-11 10:41:00+00:00,198.698,198.354,198.87,198.354,-1.0,loss,15.937776324155074,-15.937776324155074,1046.5806452861832,198.677,198.354,0.3229999999999791,1.5343571428571445,0.21051161491549286,-1.0,False
GBPJPY,GBPJPYb,2025-08-12,buy,confirmed_close,opposite,fixed,0.5,2025-08-12 10:15:00+00:00,2025-08-12 11:31:00+00:00,199.406,198.78,199.719,199.719,0.5,win,15.459643034430423,7.729821517215211,1038.3726904792434,199.394,198.78,0.6140000000000043,1.4648571428571435,0.41915350107275484,-0.12300319488817507,False
GBPJPY,GBPJPYb,2025-08-18,sell,confirmed_close,opposite,fixed,0.5,2025-08-18 10:15:00+00:00,2025-08-18 15:34:00+00:00,199.386,200.0,199.079,200.0,-1.0,loss,16.332678194575337,-16.332678194575337,1056.1798565825386,200.0,199.432,0.568000000000012,1.524714285714288,0.37252881101846513,-1.0,False
GBPJPY,GBPJPYb,2025-08-20,buy,confirmed_close,opposite,fixed,0.5,2025-08-20 11:00:00+00:00,2025-08-20 15:58:00+00:00,199.431,198.631,199.83100000000002,198.631,-1.0,loss,15.84269784873808,-15.84269784873808,1040.3371587338006,199.256,198.631,0.625,1.5372142857142868,0.4065796199061379,-1.0,False
GBPJPY,GBPJPYb,2025-08-22,buy,confirmed_close,opposite,fixed,0.5,2025-08-22 12:00:00+00:00,2025-08-22 17:00:00+00:00,199.363,198.826,199.63150000000002,199.127,-0.4394785847299577,loss,15.722553630396632,-6.90972561782757,1025.5379627782181,199.324,198.826,0.49800000000001887,1.2564285714285697,0.3963615690733527,-0.6797020484171414,False
GBPJPY,GBPJPYb,2025-08-28,sell,confirmed_close,opposite,fixed,0.5,2025-08-28 08:30:00+00:00,2025-08-28 17:00:00+00:00,198.66,199.141,198.4195,198.602,0.12058212058210682,win,15.20065200298413,1.832926852750476,1008.4931467052928,199.141,198.677,0.46399999999999864,1.101785714285713,0.42113452188006406,-0.6611226611226937,False
GBPJPY,GBPJPYb,2025-08-29,sell,confirmed_close,opposite,fixed,0.5,2025-08-29 11:15:00+00:00,2025-08-29 13:00:00+00:00,198.19,198.665,197.9525,197.9525,0.5,win,15.354308158588083,7.677154079294041,1031.2976979851662,198.665,198.273,0.3919999999999959,1.0512857142857135,0.3728767495583603,-0.023157894736833287,False
GBPJPY,GBPJPYb,2025-09-03,sell,confirmed_close,opposite,fixed,0.5,2025-09-03 09:00:00+00:00,2025-09-03 11:27:00+00:00,198.567,199.067,198.317,199.067,-1.0,loss,15.877490678819418,-15.877490678819418,1042.6218879091418,199.067,198.582,0.48500000000001364,1.1089999999999987,0.43733092876466567,-1.0,False
GBPJPY,GBPJPYb,2025-09-05,buy,confirmed_close,opposite,fixed,0.5,2025-09-05 09:15:00+00:00,2025-09-05 13:09:00+00:00,199.59,199.223,199.7735,199.7735,0.5,win,15.475115179422719,7.7375575897113595,1039.4119028845591,199.565,199.223,0.34199999999998454,1.0764285714285668,0.3177173191771602,-0.6130790190735703,False
GBPJPY,GBPJPYb,2025-09-09,sell,confirmed_close,opposite,fixed,0.5,2025-09-09 08:30:00+00:00,2025-09-09 11:15:00+00:00,199.533,199.876,199.36149999999998,199.36149999999998,0.5,win,17.22750095903443,8.613750479517215,1157.1138144151457,199.876,199.562,0.31399999999999295,1.0883571428571384,0.28850823652949525,-0.7551020408163299,False
GBPJPY,GBPJPYb,2025-09-10,buy,confirmed_close,opposite,fixed,0.5,2025-09-10 09:15:00+00:00,2025-09-10 17:00:00+00:00,199.617,199.175,199.83799999999997,199.748,0.29638009049775227,win,17.365357007503686,5.146746081409719,1180.2025702558258,199.578,199.175,0.4029999999999916,1.0524999999999949,0.38289786223277295,-0.48190045248869695,False
GBPJPY,GBPJPYb,2025-09-11,buy,confirmed_close,opposite,fixed,0.5,2025-09-11 09:15:00+00:00,2025-09-11 09:32:00+00:00,199.615,199.315,199.76500000000001,199.76500000000001,0.5,win,17.703038553837388,8.851519276918694,1189.0540895327445,199.533,199.315,0.2179999999999893,1.0183571428571372,0.21407028126533403,-0.09000000000004738,False
GBPJPY,GBPJPYb,2025-09-12,buy,confirmed_close,opposite,fixed,0.5,2025-09-12 11:00:00+00:00,2025-09-12 11:32:00+00:00,200.016,199.718,200.165,200.165,0.5,win,17.570265764683608,8.785132882341804,1180.1361838612488,199.99,199.718,0.2720000000000198,0.9857142857142824,0.2759420289855282,-0.17449664429527578,False
GBPJPY,GBPJPYb,2025-09-15,buy,confirmed_close,opposite,fixed,0.5,2025-09-15 11:30:00+00:00,2025-09-15 14:31:00+00:00,200.447,199.926,200.7075,200.7075,0.5,win,17.876256515318246,8.938128257659123,1200.688562612209,200.408,199.926,0.4819999999999993,0.9847857142857107,0.4894465801117005,-0.5566218809980493,False
GBPJPY,GBPJPYb,2025-09-18,buy,confirmed_close,opposite,fixed,0.5,2025-09-18 09:15:00+00:00,2025-09-18 11:06:00+00:00,200.453,200.041,200.659,200.659,0.5,win,17.134820829621262,8.567410414810631,1133.7539782266067,200.358,200.041,0.3170000000000073,1.0137857142857112,0.31268935390686364,-0.22330097087381454,False
GBPJPY,GBPJPYb,2025-09-23,buy,confirmed_close,opposite,fixed,0.5,2025-09-23 11:00:00+00:00,2025-09-23 11:30:00+00:00,199.74,199.46,199.88,199.46,-1.0,loss,17.28546207677125,-17.28546207677125,1135.0786763746455,199.723,199.46,0.26300000000000523,0.9725714285714255,0.27041715628672774,-1.0,False
GBPJPY,GBPJPYb,2025-09-25,buy,confirmed_close,opposite,fixed,0.5,2025-09-25 09:15:00+00:00,2025-09-25 14:35:00+00:00,200.262,199.878,200.454,199.878,-1.0,loss,16.444537459370398,-16.444537459370398,1079.8579598319895,200.246,199.878,0.3680000000000234,0.9229285714285689,0.3987307483941136,-1.0,False
GBPJPY,GBPJPYb,2025-09-26,buy,confirmed_close,opposite,fixed,0.5,2025-09-26 09:15:00+00:00,2025-09-26 10:00:00+00:00,199.989,199.695,200.13600000000002,200.13600000000002,0.5,win,15.951201335589287,7.975600667794644,1071.3890230404138,199.97,199.695,0.2750000000000057,0.89735714285714,0.30645546445913335,-0.1734693877551504,False
GBPJPY,GBPJPYb,2025-09-29,sell,confirmed_close,opposite,fixed,0.5,2025-09-29 09:15:00+00:00,2025-09-29 11:27:00+00:00,199.884,200.425,199.6135,199.6135,0.5,win,15.829772815422116,7.914886407711058,1063.2330741025187,200.425,199.984,0.4410000000000025,0.8853571428571395,0.4981040742234819,-0.3308687615526686,False
GBPJPY,GBPJPYb,2025-09-30,sell,confirmed_close,opposite,fixed,0.5,2025-09-30 08:30:00+00:00,2025-09-30 09:57:00+00:00,199.299,199.773,199.062,199.062,0.5,win,15.948496111537779,7.974248055768889,1071.2073221582875,199.773,199.35,0.4230000000000018,0.8855714285714262,0.47765768672366843,-0.1455696202531433,False
GBPJPY,GBPJPYb,2025-10-02,buy,confirmed_close,opposite,fixed,0.5,2025-10-02 09:45:00+00:00,2025-10-02 11:49:00+00:00,198.506,198.137,198.6905,198.137,-1.0,loss,16.307337274047377,-16.307337274047377,1070.848480995778,198.451,198.137,0.31399999999999295,0.9657142857142844,0.32514792899407596,-1.0,False
GBPJPY,GBPJPYb,2025-10-09,sell,confirmed_close,opposite,fixed,0.5,2025-10-09 11:30:00+00:00,2025-10-09 12:04:00+00:00,204.325,204.88,204.04749999999999,204.04749999999999,0.5,win,16.255491286682346,8.127745643341173,1091.8271647554975,204.88,204.37,0.5099999999999909,1.2278571428571428,0.4153577661430991,-0.057657657657676206,False
GBPJPY,GBPJPYb,2025-10-10,sell,confirmed_close,opposite,fixed,0.5,2025-10-10 09:45:00+00:00,2025-10-10 09:50:00+00:00,203.101,203.757,202.773,202.773,0.5,win,16.13357510203223,8.066787551016114,1083.6384610198313,203.757,203.181,0.5759999999999934,1.2400714285714278,0.46448937273198043,-0.01371951219514401,False
GBPJPY,GBPJPYb,2025-10-16,buy,confirmed_close,opposite,fixed,0.5,2025-10-16 08:15:00+00:00,2025-10-16 10:57:00+00:00,202.734,201.979,203.1115,203.1115,0.5,win,16.52020263673342,8.26010131836671,1109.6069437672613,202.686,201.979,0.7069999999999936,1.4574285714285733,0.4851009605959566,-0.1814569536423858,False
GBPJPY,GBPJPYb,2025-10-17,sell,confirmed_close,opposite,fixed,0.5,2025-10-17 09:45:00+00:00,2025-10-17 10:01:00+00:00,201.562,202.164,201.26100000000002,201.26100000000002,0.5,win,16.64410415650892,8.32205207825446,1117.9289958455158,202.164,201.604,0.5599999999999739,1.5215714285714301,0.3680405595718536,-0.03820598006644032,False
GBPJPY,GBPJPYb,2025-10-21,buy,confirmed_close,opposite,fixed,0.5,2025-10-21 08:30:00+00:00,2025-10-21 12:09:00+00:00,202.575,201.819,202.95299999999997,202.95299999999997,0.5,win,16.86130550218079,8.430652751090395,1132.5176862298097,202.528,201.819,0.7090000000000032,1.5630000000000024,0.45361484325016127,-0.4510582010581742,False
GBPJPY,GBPJPYb,2025-10-22,buy,confirmed_close,opposite,fixed,0.5,2025-10-22 08:45:00+00:00,2025-10-22 09:06:00+00:00,203.168,202.637,203.4335,202.637,-1.0,loss,17.34689309924982,-17.34689309924982,1139.112646850738,203.143,202.637,0.5060000000000002,1.5911428571428599,0.3180104147961928,-1.0,False
GBPJPY,GBPJPYb,2025-10-23,buy,confirmed_close,opposite,fixed,0.5,2025-10-23 09:15:00+00:00,2025-10-23 09:59:00+00:00,203.447,202.814,203.76350000000002,203.76350000000002,0.5,win,16.681520796081987,8.340760398040993,1120.4421468035068,203.391,202.814,0.5769999999999982,1.6062142857142874,0.3592297772046056,-0.009478672985782203,False
GBPJPY,GBPJPYb,2025-10-24,buy,confirmed_close,opposite,fixed,0.5,2025-10-24 09:15:00+00:00,2025-10-24 17:00:00+00:00,203.77,203.223,204.0435,203.851,0.14808043875683602,win,16.91751476428991,2.505153008971301,1113.4219558640086,203.727,203.223,0.5039999999999907,1.5963571428571441,0.31571882410845514,-0.7733089579524756,False
GBPJPY,GBPJPYb,2025-10-31,buy,confirmed_close,opposite,fixed,0.5,2025-10-31 09:45:00+00:00,2025-10-31 14:09:00+00:00,202.794,202.18,203.101,202.18,-1.0,loss,17.343086310121812,-17.343086310121812,1138.8626676979989,202.757,202.18,0.5769999999999982,1.4056428571428552,0.4104883378220431,-1.0,False
GBPJPY,GBPJPYb,2025-11-03,buy,confirmed_close,opposite,fixed,0.5,2025-11-03 08:15:00+00:00,2025-11-03 10:40:00+00:00,202.64,202.228,202.84599999999998,202.228,-1.0,loss,17.104353004609752,-17.104353004609752,1106.0814942980974,202.629,202.228,0.40099999999998204,1.3262142857142842,0.30236440997467307,-1.0,False
GBPJPY,GBPJPYb,2025-11-06,buy,confirmed_close,opposite,fixed,0.5,2025-11-06 12:15:00+00:00,2025-11-06 14:00:00+00:00,201.189,200.827,201.37,200.827,-1.0,loss,16.06257258029179,-16.06257258029179,1054.775599439161,201.176,200.827,0.34899999999998954,1.4324999999999943,0.24363001745200064,-1.0,False
GBPJPY,GBPJPYb,2025-11-07,buy,confirmed_close,opposite,fixed,0.5,2025-11-07 08:30:00+00:00,2025-11-07 14:49:00+00:00,201.322,200.706,201.63,200.706,-1.0,loss,16.197059811807918,-16.197059811807918,1063.6069276420533,201.249,200.706,0.5430000000000064,1.4167857142857088,0.38326191076380733,-1.0,False
GBPJPY,GBPJPYb,2025-11-11,sell,confirmed_close,opposite,fixed,0.5,2025-11-11 09:00:00+00:00,2025-11-11 09:00:00+00:00,202.836,203.273,202.6175,202.6175,0.5,win,15.673928590552283,7.836964295276141,1052.7655369987617,203.273,202.884,0.38900000000001,1.4056428571428512,0.27674170435490436,-0.08009153318077326,False
GBPJPY,GBPJPYb,2025-11-17,buy,confirmed_close,opposite,fixed,0.5,2025-11-17 09:15:00+00:00,2025-11-17 09:22:00+00:00,203.565,203.133,203.781,203.781,0.5,win,15.962683788535456,7.981341894267728,1072.1602611299647,203.54,203.133,0.40699999999998226,1.5347857142857098,0.26518359938566427,-0.025462962962953674,False
GBPJPY,GBPJPYb,2025-11-19,buy,confirmed_close,opposite,fixed,0.5,2025-11-19 12:00:00+00:00,2025-11-19 16:04:00+00:00,204.728,203.981,205.10150000000002,205.10150000000002,0.5,win,15.841167858195229,7.9205839290976146,1063.9984411421128,204.553,203.981,0.5720000000000027,1.452857142857139,0.3937069813176037,-0.30522088353414234,False
GBPJPY,GBPJPYb,2025-11-21,sell,confirmed_close,opposite,fixed,0.5,2025-11-21 09:30:00+00:00,2025-11-21 09:37:00+00:00,205.542,206.052,205.287,205.287,0.5,win,16.060672911599916,8.030336455799958,1078.7418638957943,206.052,205.588,0.46399999999999864,1.4595714285714283,0.3179015366545944,-0.056862745098033095,False
GBPJPY,GBPJPYb,2025-11-24,buy,confirmed_close,opposite,fixed,0.5,2025-11-24 08:15:00+00:00,2025-11-24 10:19:00+00:00,205.258,204.892,205.44100000000003,205.44100000000003,0.5,win,16.177487204646265,8.088743602323133,1086.5878905787408,205.243,204.892,0.3509999999999991,1.5219285714285726,0.23062843197071306,-0.19945355191258124,False
GBPJPY,GBPJPYb,2025-11-25,sell,confirmed_close,opposite,fixed,0.5,2025-11-25 11:00:00+00:00,2025-11-25 16:32:00+00:00,205.157,205.709,204.88100000000003,205.709,-1.0,loss,16.59612918758229,-16.59612918758229,1089.8124833179036,205.709,205.24,0.4689999999999941,1.3938571428571456,0.3364763759352211,-1.0,False
GBPJPY,GBPJPYb,2025-11-26,buy,confirmed_close,opposite,fixed,0.5,2025-11-26 08:15:00+00:00,2025-11-26 13:42:00+00:00,206.022,205.337,206.3645,206.3645,0.5,win,16.403071916111585,8.201535958055793,1101.739663698828,205.981,205.337,0.6440000000000055,1.3092142857142883,0.49189808500191273,-0.32554744525545115,False
GBPJPY,GBPJPYb,2025-11-28,sell,confirmed_close,opposite,fixed,0.5,2025-11-28 10:00:00+00:00,2025-11-28 13:58:00+00:00,206.527,207.208,206.18649999999997,206.18649999999997,0.5,win,16.52609495548242,8.26304747774121,1093.4766162210867,207.208,206.616,0.5919999999999845,1.3167857142857184,0.4495796040140905,-0.2848751835536175,False
GBPJPY,GBPJPYb,2025-12-02,buy,confirmed_close,opposite,fixed,0.5,2025-12-02 08:30:00+00:00,2025-12-02 10:26:00+00:00,205.792,205.323,206.0265,206.0265,0.5,win,16.496550911088438,8.248275455544219,1108.0183361947734,205.779,205.323,0.45599999999998886,1.3332142857142912,0.34203053844092246,-0.1492537313432709,False
GBPJPY,GBPJPYb,2025-12-04,sell,confirmed_close,opposite,fixed,0.5,2025-12-04 10:15:00+00:00,2025-12-04 13:08:00+00:00,206.72,207.36,206.39999999999998,206.39999999999998,0.5,win,15.892474674799237,7.9462373373996185,1067.444548990682,207.36,206.877,0.4830000000000041,1.365000000000005,0.35384615384615553,-0.29531249999998216,False
GBPJPY,GBPJPYb,2025-12-08,buy,confirmed_close,opposite,fixed,0.5,2025-12-08 10:45:00+00:00,2025-12-08 16:04:00+00:00,207.12,206.59,207.385,207.385,0.5,win,15.861750381994975,7.9308751909974875,1065.3809006573292,207.105,206.59,0.5149999999999864,1.300285714285723,0.3960667985058098,-0.22452830188679154,False
GBPJPY,GBPJPYb,2025-12-09,buy,confirmed_close,opposite,fixed,0.5,2025-12-09 09:45:00+00:00,2025-12-09 10:04:00+00:00,208.105,207.592,208.36149999999998,208.36149999999998,0.5,win,15.980713509859939,7.990356754929969,1073.3712574122592,208.072,207.592,0.47999999999998977,1.3122857142857214,0.3657740039189974,-0.06042884990249297,False
GBPJPY,GBPJPYb,2025-12-10,buy,confirmed_close,opposite,fixed,0.5,2025-12-10 09:45:00+00:00,2025-12-10 17:00:00+00:00,208.765,208.233,209.03099999999998,208.585,-0.3383458646616248,loss,15.860858158535988,-5.366455767925245,1036.1632299759378,208.726,208.233,0.492999999999995,1.3098571428571486,0.3763769222379703,-0.5432330827067611,False
GBPJPY,GBPJPYb,2025-12-12,buy,confirmed_close,opposite,fixed,0.5,2025-12-12 08:30:00+00:00,2025-12-12 17:00:00+00:00,208.718,208.175,208.98949999999996,208.471,-0.4548802946592923,loss,15.54244844963907,-7.0699535304986805,1045.9320158545002,208.626,208.175,0.4509999999999934,1.14814285714286,0.3928082617892181,-0.9116022099447444,False
GBPJPY,GBPJPYb,2025-12-17,buy,confirmed_close,opposite,fixed,0.5,2025-12-17 08:30:00+00:00,2025-12-17 09:00:00+00:00,207.908,207.412,208.15599999999998,207.412,-1.0,loss,15.750628298834627,-15.750628298834627,1034.2912582901404,207.884,207.412,0.47199999999998,1.124214285714286,0.41984878327719155,-1.0,False
GBPJPY,GBPJPYb,2025-12-18,buy,confirmed_close,opposite,fixed,0.5,2025-12-18 09:15:00+00:00,2025-12-18 14:53:00+00:00,208.432,207.866,208.71499999999997,208.71499999999997,0.5,win,15.514368874352106,7.757184437176053,1043.4713733513652,208.414,207.866,0.5479999999999734,1.1664285714285703,0.46981016533984293,-0.9275618374558326,False
GBPJPY,GBPJPYb,2025-12-22,buy,confirmed_close,opposite,fixed,0.5,2025-12-22 09:45:00+00:00,2025-12-22 10:53:00+00:00,211.137,210.624,211.39350000000002,211.39350000000002,0.5,win,15.7482235197299,7.87411175986495,1057.7556797418583,211.085,210.624,0.46100000000001273,1.2779285714285689,0.3607400368900671,-0.0740740740740946,False
GBPJPY,GBPJPYb,2025-12-31,sell,confirmed_close,opposite,fixed,0.5,2025-12-31 10:45:00+00:00,2025-12-31 14:35:00+00:00,210.441,210.833,210.245,210.833,-1.0,loss,15.106875055813916,-15.106875055813916,992.0181286651139,210.833,210.489,0.3439999999999941,1.1801428571428545,0.2914901343662951,-1.0,False
GBPJPY,GBPJPYb,2026-01-02,sell,confirmed_close,opposite,fixed,0.5,2026-01-02 12:30:00+00:00,2026-01-02 17:00:00+00:00,210.915,211.436,210.65449999999998,211.25,-0.6429942418426071,loss,15.103476008926359,-9.71144810554761,997.186952489543,211.436,210.969,0.46700000000001296,1.1309285714285693,0.4129350091580998,-0.6794625719769736,False
GBPJPY,GBPJPYb,2026-01-05,sell,confirmed_close,opposite,fixed,0.5,2026-01-05 10:00:00+00:00,2026-01-05 17:00:00+00:00,210.726,211.338,210.42000000000002,211.102,-0.6143790849673333,loss,15.182171351653292,-9.327608542846011,1025.244307130405,211.338,210.791,0.546999999999997,1.118714285714282,0.48895415655727137,-0.8267973856209224,False
GBPJPY,GBPJPYb,2026-01-06,sell,confirmed_close,opposite,fixed,0.5,2026-01-06 12:15:00+00:00,2026-01-06 17:00:00+00:00,211.579,212.155,211.291,211.589,-0.01736111111109552,loss,15.378664606956077,-0.2669907049816366,1009.5986518184675,212.155,211.625,0.5300000000000011,1.1105714285714245,0.47723179830203516,-0.35937499999999306,False
GBPJPY,GBPJPYb,2026-01-15,buy,confirmed_close,opposite,fixed,0.5,2026-01-15 09:15:00+00:00,2026-01-15 14:56:00+00:00,213.191,212.576,213.4985,212.576,-1.0,loss,14.70851872524714,-14.70851872524714,965.8593962912289,213.037,212.576,0.46100000000001273,1.0195000000000018,0.4521824423737243,-1.0,False
GBPJPY,GBPJPYb,2026-01-21,sell,confirmed_close,opposite,fixed,0.5,2026-01-21 10:15:00+00:00,2026-01-21 11:41:00+00:00,212.198,212.688,211.95300000000003,211.95300000000003,0.5,win,14.451113990432711,7.225556995216356,970.6331563573972,212.688,212.268,0.4199999999999875,1.1623571428571486,0.361334726233626,-0.27755102040816537,False
GBPJPY,GBPJPYb,2026-01-23,buy,confirmed_close,opposite,fixed,0.5,2026-01-23 09:00:00+00:00,2026-01-23 09:22:00+00:00,214.279,213.639,214.599,214.599,0.5,win,14.559497345360958,7.279748672680479,977.9129050300777,214.175,213.639,0.5360000000000014,1.3068571428571505,0.4101442938347166,-0.014062499999978629,False
GBPJPY,GBPJPYb,2026-01-27,buy,confirmed_close,opposite,fixed,0.5,2026-01-27 08:15:00+00:00,2026-01-27 11:52:00+00:00,211.501,210.745,211.87900000000002,210.745,-1.0,loss,14.442062259710447,-14.442062259710447,933.920026127942,211.457,210.745,0.7119999999999891,1.5249285714285787,0.46690711508734833,-1.0,False
GBPJPY,GBPJPYb,2026-01-29,buy,confirmed_close,opposite,fixed,0.5,2026-01-29 09:30:00+00:00,2026-01-29 17:00:00+00:00,212.057,211.331,212.42,211.669,-0.5344352617079577,loss,14.271870832807835,-7.627391023593824,929.5587936641206,211.85,211.331,0.5190000000000055,1.6838571428571478,0.30822092135403645,-0.8746556473829087,False
GBPJPY,GBPJPYb,2026-02-03,buy,confirmed_close,opposite,fixed,0.5,2026-02-03 08:30:00+00:00,2026-02-03 14:49:00+00:00,212.965,212.408,213.2435,213.2435,0.5,win,13.986675889380049,6.993337944690024,939.4383972366932,212.864,212.408,0.4560000000000173,1.7204285714285743,0.2650502366520066,-0.4183123877917365,False
GBPJPY,GBPJPYb,2026-02-05,sell,confirmed_close,opposite,fixed,0.5,2026-02-05 11:15:00+00:00,2026-02-05 15:34:00+00:00,213.346,214.295,212.87150000000003,212.87150000000003,0.5,win,13.92220110899053,6.961100554495265,935.107841153864,214.295,213.474,0.820999999999998,1.7209285714285707,0.47706802805794113,-0.6512118018967392,False
GBPJPY,GBPJPYb,2026-02-13,buy,confirmed_close,opposite,fixed,0.5,2026-02-13 09:45:00+00:00,2026-02-13 17:00:00+00:00,208.94,207.866,209.47699999999998,208.556,-0.35754189944133324,loss,14.400879795494616,-5.148917915707464,960.1407526862968,208.785,207.866,0.9189999999999827,2.0991428571428554,0.4377977405743762,-0.8342644320297952,False
GBPJPY,GBPJPYb,2026-02-16,buy,confirmed_close,opposite,fixed,0.5,2026-02-16 09:15:00+00:00,2026-02-16 11:32:00+00:00,209.099,208.188,209.5545,209.5545,0.5,win,14.199590495348096,7.099795247674048,953.7391616042137,209.014,208.188,0.8260000000000218,2.0273571428571415,0.4074269809393057,-0.008781558726653505,False
GBPJPY,GBPJPYb,2026-02-18,buy,confirmed_close,opposite,fixed,0.5,2026-02-18 09:45:00+00:00,2026-02-18 11:55:00+00:00,208.335,207.605,208.70000000000002,208.70000000000002,0.5,win,14.461829619730388,7.230914809865194,972.4232699552055,208.317,207.605,0.7120000000000175,2.016357142857142,0.35311204789401857,-0.06712328767124023,False
GBPJPY,GBPJPYb,2026-02-20,buy,confirmed_close,opposite,fixed,0.5,2026-02-20 10:00:00+00:00,2026-02-20 11:30:00+00:00,209.084,208.387,209.4325,209.4325,0.5,win,13.729033766142702,6.864516883071351,922.1334346259181,208.949,208.387,0.5620000000000118,1.980714285714283,0.2837360259646656,-0.3299856527976885,False
GBPJPY,GBPJPYb,2026-02-23,buy,confirmed_close,opposite,fixed,0.5,2026-02-23 11:00:00+00:00,2026-02-23 17:00:00+00:00,209.12,208.221,209.5695,208.95,-0.18909899888767046,loss,14.298475380811423,-2.7038273801314427,950.5278646739634,209.104,208.221,0.8830000000000098,1.968285714285711,0.4486137320365858,-0.49054505005561966,False
GBPJPY,GBPJPYb,2026-02-24,buy,confirmed_close,opposite,fixed,0.5,2026-02-24 09:15:00+00:00,2026-02-24 10:23:00+00:00,209.893,208.465,210.607,210.607,0.5,win,14.257917970109451,7.128958985054726,957.6568236590182,209.393,208.465,0.9279999999999973,1.9702857142857104,0.4709976798143847,-0.07352941176469886,False
GBPJPY,GBPJPYb,2026-02-25,buy,confirmed_close,opposite,fixed,0.5,2026-02-25 10:00:00+00:00,2026-02-25 11:02:00+00:00,210.907,210.01,211.3555,211.3555,0.5,win,14.364852354885272,7.182426177442636,964.8392498364608,210.84,210.01,0.8300000000000125,2.010142857142855,0.4129059768317883,-0.05685618729098664,False
GBPJPY,GBPJPYb,2026-02-26,sell,confirmed_close,opposite,fixed,0.5,2026-02-26 10:30:00+00:00,2026-02-26 17:00:00+00:00,211.15,212.003,210.7235,211.147,0.003516998827683932,win,14.257115962223633,0.050142260125294394,950.5245397417009,212.003,211.171,0.8319999999999936,1.9816428571428568,0.4198536567782833,-0.4923798358733848,False
GBPJPY,GBPJPYb,2026-02-27,buy,confirmed_close,opposite,fixed,0.5,2026-02-27 10:00:00+00:00,2026-02-27 11:19:00+00:00,210.528,209.94,210.822,210.822,0.5,win,14.257868096125513,7.1289340480627565,957.6534737897637,210.493,209.94,0.5529999999999973,1.9308571428571415,0.28640130216040127,-0.10714285714283815,False
GBPJPY,GBPJPYb,2026-03-05,sell,confirmed_close,opposite,fixed,0.5,2026-03-05 08:15:00+00:00,2026-03-05 12:56:00+00:00,209.257,210.009,208.88100000000003,210.009,-1.0,loss,15.02264020302222,-15.02264020302222,986.5415544446344,210.009,209.277,0.7319999999999993,1.6863571428571416,0.43407175229785244,-1.0,False
GBPJPY,GBPJPYb,2026-03-12,sell,confirmed_close,opposite,fixed,0.5,2026-03-12 10:15:00+00:00,2026-03-12 17:00:00+00:00,212.512,213.091,212.2225,212.588,-0.13126079447321656,loss,15.085590360697902,-1.9801465758427041,988.6402871099862,213.091,212.561,0.5300000000000011,1.5049285714285705,0.3521761830177047,-0.41105354058721305,False
GBPJPY,GBPJPYb,2026-03-13,sell,confirmed_close,opposite,fixed,0.5,2026-03-13 08:30:00+00:00,2026-03-13 09:01:00+00:00,212.382,212.882,212.132,212.132,0.5,win,14.829604306649792,7.414802153324896,996.0550892633111,212.882,212.411,0.47100000000000364,1.4763571428571416,0.31902849678262407,-0.029999999999972715,False
GBPJPY,GBPJPYb,2026-03-16,sell,confirmed_close,opposite,fixed,0.5,2026-03-16 08:30:00+00:00,2026-03-16 16:46:00+00:00,210.974,211.586,210.66799999999998,211.586,-1.0,loss,15.806196649923013,-15.806196649923013,1037.9402466782778,211.586,211.053,0.5330000000000155,1.3257142857142838,0.4020474137931157,-1.0,False
GBPJPY,GBPJPYb,2026-03-17,sell,confirmed_close,opposite,fixed,0.5,2026-03-17 08:15:00+00:00,2026-03-17 11:01:00+00:00,211.675,212.146,211.4395,212.146,-1.0,loss,15.804736118405033,-15.804736118405033,1022.0396023235254,212.146,211.77,0.37599999999997635,1.2952857142857133,0.2902834454615459,-1.0,False
GBPJPY,GBPJPYb,2026-03-18,sell,confirmed_close,opposite,fixed,0.5,2026-03-18 08:15:00+00:00,2026-03-18 13:53:00+00:00,212.097,212.495,211.89800000000002,212.495,-1.0,loss,15.550484691850164,-15.550484691850164,1049.1341564206477,212.495,212.105,0.3900000000000148,1.2820714285714274,0.3041952197894151,-1.0,False
GBPJPY,GBPJPYb,2026-03-19,sell,confirmed_close,opposite,fixed,0.5,2026-03-19 09:15:00+00:00,2026-03-19 10:02:00+00:00,211.526,212.355,211.11150000000004,211.11150000000004,0.5,win,15.973067531504363,7.986533765752181,1072.8577025327097,212.355,211.781,0.5739999999999839,1.1844999999999979,0.48459265512873356,-0.1640530759951738,False
GBPJPY,GBPJPYb,2026-03-24,buy,confirmed_close,opposite,fixed,0.5,2026-03-24 09:15:00+00:00,2026-03-24 10:50:00+00:00,212.951,212.29,213.2815,212.29,-1.0,loss,16.388181363304998,-16.388181363304998,1076.1572428570282,212.817,212.29,0.5270000000000152,1.0691428571428543,0.492918225547851,-1.0,False
GBPJPY,GBPJPYb,2026-03-26,sell,confirmed_close,opposite,fixed,0.5,2026-03-26 09:15:00+00:00,2026-03-26 10:31:00+00:00,212.851,213.124,212.7145,212.7145,0.5,win,15.94386497445806,7.97193248722903,1070.8962641177663,213.124,212.914,0.21000000000000796,1.0237142857142831,0.20513536142897842,-0.5824175824175607,False
GBPJPY,GBPJPYb,2026-03-27,buy,confirmed_close,opposite,fixed,0.5,2026-03-27 09:30:00+00:00,2026-03-27 13:38:00+00:00,213.092,212.593,213.34150000000002,212.593,-1.0,loss,15.824285987149624,-15.824285987149624,1054.9523991433082,213.03,212.593,0.4370000000000118,1.0082857142857111,0.43340889770474533,-1.0,False
GBPJPY,GBPJPYb,2026-04-02,sell,confirmed_close,opposite,fixed,0.5,2026-04-02 08:15:00+00:00,2026-04-02 09:00:00+00:00,210.841,211.287,210.618,210.618,0.5,win,15.813894612528811,7.906947306264406,1062.1665881415183,211.287,210.843,0.4440000000000168,1.1692857142857125,0.37971899816739435,-0.05829596412552053,False
GBPJPY,GBPJPYb,2026-04-03,buy,confirmed_close,opposite,fixed,0.5,2026-04-03 09:00:00+00:00,2026-04-03 15:41:00+00:00,211.266,210.841,211.4785,210.841,-1.0,loss,15.693511339790932,-15.693511339790932,1014.8470666398135,211.22,210.841,0.3789999999999907,1.1431428571428566,0.33154211447137416,-1.0,False
GBPJPY,GBPJPYb,2026-04-06,buy,confirmed_close,opposite,fixed,0.5,2026-04-06 08:15:00+00:00,2026-04-06 10:36:00+00:00,210.91,210.329,211.20049999999998,211.20049999999998,0.5,win,15.682812288435029,7.8414061442175145,1053.3622253732194,210.892,210.329,0.5629999999999882,1.1517142857142832,0.48883651699329267,-0.14802065404472625,False
GBPJPY,GBPJPYb,2026-04-07,buy,confirmed_close,opposite,fixed,0.5,2026-04-07 09:30:00+00:00,2026-04-07 11:02:00+00:00,211.552,211.191,211.7325,211.7325,0.5,win,16.20950434114957,8.104752170574786,1088.7383749138796,211.519,211.191,0.32800000000000296,1.1710714285714252,0.280085391887774,-0.37673130193905663,False
GBPJPY,GBPJPYb,2026-04-09,buy,confirmed_close,opposite,fixed,0.5,2026-04-09 10:15:00+00:00,2026-04-09 11:33:00+00:00,212.81,212.307,213.06150000000002,213.06150000000002,0.5,win,16.614592916012338,8.307296458006169,1115.946824192162,212.769,212.307,0.4620000000000175,1.1478571428571382,0.4024891101431407,-0.2842942345924386,False
GBPJPY,GBPJPYb,2026-04-10,buy,confirmed_close,opposite,fixed,0.5,2026-04-10 09:15:00+00:00,2026-04-10 12:19:00+00:00,213.764,213.468,213.91200000000003,213.91200000000003,0.5,win,16.489983469142246,8.244991734571123,1107.577223010721,213.756,213.468,0.2880000000000109,1.2289999999999952,0.23433685923516032,-0.2702702702702936,False
GBPJPY,GBPJPYb,2026-04-13,buy,confirmed_close,opposite,fixed,0.5,2026-04-13 10:15:00+00:00,2026-04-13 14:16:00+00:00,214.273,213.581,214.619,214.619,0.5,win,17.04233923214328,8.52116961607164,1144.6771184256236,214.173,213.581,0.592000000000013,1.185214285714283,0.49948773579221367,-0.050578034682075466,False
GBPJPY,GBPJPYb,2026-04-15,buy,confirmed_close,opposite,fixed,0.5,2026-04-15 08:15:00+00:00,2026-04-15 11:13:00+00:00,215.751,215.312,215.97050000000002,215.312,-1.0,loss,16.90406133901373,-16.90406133901373,1093.1292999228879,215.741,215.312,0.42900000000000205,1.281,0.33489461358313977,-1.0,False
GBPJPY,GBPJPYb,2026-04-16,buy,confirmed_close,opposite,fixed,0.5,2026-04-16 09:15:00+00:00,2026-04-16 17:00:00+00:00,215.723,215.119,216.02500000000003,215.582,-0.23344370860929872,loss,16.14718199255939,-3.7694580479323494,1072.709341456027,215.657,215.119,0.5380000000000109,1.288714285714286,0.41747034696819374,-0.7996688741721745,False
GBPJPY,GBPJPYb,2026-04-22,buy,confirmed_close,opposite,fixed,0.5,2026-04-22 11:00:00+00:00,2026-04-22 11:46:00+00:00,215.382,215.014,215.566,215.566,0.5,win,16.0375714425832,8.0187857212916,1077.190215226838,215.369,215.014,0.35499999999998977,1.1106428571428577,0.31963470319633763,-0.0760869565217173,False
GBPJPY,GBPJPYb,2026-04-23,buy,confirmed_close,opposite,fixed,0.5,2026-04-23 09:45:00+00:00,2026-04-23 11:42:00+00:00,215.424,215.07,215.601,215.601,0.5,win,15.91362625211958,7.95681312605979,1068.8652299340317,215.406,215.07,0.33600000000001273,1.0959999999999996,0.30656934306570516,-0.5367231638417811,False
GBPJPY,GBPJPYb,2026-04-24,buy,confirmed_close,opposite,fixed,0.5,2026-04-24 11:30:00+00:00,2026-04-24 17:00:00+00:00,215.32,214.872,215.54399999999998,215.4,0.17857142857146482,win,16.032978449010475,2.863031865895309,1071.728261799927,215.255,214.872,0.38299999999998136,1.0828571428571447,0.35369393139839905,-0.5223214285714093,False
GBPJPY,GBPJPYb,2026-04-30,buy,confirmed_close,opposite,fixed,0.5,2026-04-30 09:00:00+00:00,2026-04-30 09:31:00+00:00,216.226,215.955,216.36149999999998,216.36149999999998,0.5,win,17.064022151373834,8.532011075686917,1146.1334878339426,216.208,215.955,0.2529999999999859,0.9581428571428623,0.2640524824809739,-0.25461254612543105,False
GBPJPY,GBPJPYb,2026-05-05,buy,confirmed_close,opposite,fixed,0.5,2026-05-05 10:30:00+00:00,2026-05-05 11:12:00+00:00,212.833,212.515,212.99200000000002,212.99200000000002,0.5,win,18.638788957274006,9.319394478637003,1251.9053249635706,212.776,212.515,0.2610000000000241,1.4180000000000064,0.18406205923838007,-0.1320754716981132,False
GBPJPY,GBPJPYb,2026-05-08,buy,confirmed_close,opposite,fixed,0.5,2026-05-08 08:30:00+00:00,2026-05-08 11:39:00+00:00,212.901,212.341,213.181,213.181,0.5,win,19.425439879927545,9.712719939963772,1304.7420452684669,212.856,212.341,0.5149999999999864,1.6224285714285753,0.31742537641982,-0.08571428571428862,False
GBPJPY,GBPJPYb,2026-05-12,sell,confirmed_close,opposite,fixed,0.5,2026-05-12 09:00:00+00:00,2026-05-12 10:07:00+00:00,213.536,214.202,213.203,213.203,0.5,win,19.694721428440456,9.847360714220228,1322.8287892769174,214.202,213.738,0.46399999999999864,1.7520714285714345,0.26482938562517666,-0.1606606606606604,False
GBPJPY,GBPJPYb,2026-05-13,buy,confirmed_close,opposite,fixed,0.5,2026-05-13 08:15:00+00:00,2026-05-13 13:12:00+00:00,213.56,213.224,213.728,213.224,-1.0,loss,19.84243183915376,-19.84243183915376,1302.9863574377637,213.526,213.224,0.3020000000000209,1.803428571428577,0.16745880861851553,-1.0,False
GBPJPY,GBPJPYb,2026-05-15,sell,confirmed_close,opposite,fixed,0.5,2026-05-15 08:15:00+00:00,2026-05-15 09:28:00+00:00,211.754,212.256,211.503,211.503,0.5,win,19.109761996765187,9.554880998382593,1283.5390141160615,212.256,211.78,0.4759999999999991,1.8725714285714352,0.2541959108941091,-0.29681274900398025,False
GBPJPY,GBPJPYb,2026-05-18,buy,confirmed_close,opposite,fixed,0.5,2026-05-18 09:15:00+00:00,2026-05-18 11:26:00+00:00,211.922,211.211,212.27749999999997,212.27749999999997,0.5,win,19.832827616317786,9.916413808158893,1332.104921562678,211.815,211.211,0.603999999999985,1.8922857142857197,0.3191906990789584,-0.030942334739791626,False
GBPJPY,GBPJPYb,2026-05-19,sell,confirmed_close,opposite,fixed,0.5,2026-05-19 08:30:00+00:00,2026-05-19 15:29:00+00:00,213.111,213.477,212.928,213.477,-1.0,loss,19.981573823440172,-19.981573823440172,1312.123347739238,213.477,213.119,0.3580000000000041,1.9959285714285764,0.17936513617006208,-1.0,False
GBPJPY,GBPJPYb,2026-05-21,buy,confirmed_close,opposite,fixed,0.5,2026-05-21 08:15:00+00:00,2026-05-21 10:00:00+00:00,213.584,213.291,213.7305,213.7305,0.5,win,19.64746159680557,9.823730798402785,1319.654503918774,213.57,213.291,0.27899999999999636,1.6337142857142888,0.1707764952780667,-0.24914675767920108,False
GBPJPY,GBPJPYb,2026-05-22,buy,confirmed_close,opposite,fixed,0.5,2026-05-22 08:30:00+00:00,2026-05-22 16:07:00+00:00,213.641,213.286,213.81849999999997,213.81849999999997,0.5,win,19.500105634829524,9.750052817414762,1290.2569895045538,213.629,213.286,0.3429999999999893,1.5127142857142875,0.2267447351024575,-0.5577464788731966,False
GBPJPY,GBPJPYb,2026-05-26,sell,confirmed_close,opposite,fixed,0.5,2026-05-26 08:30:00+00:00,2026-05-26 11:12:00+00:00,214.31,214.638,214.14600000000002,214.638,-1.0,loss,19.09289650754204,-19.09289650754204,1253.7668706619274,214.638,214.317,0.32099999999999795,1.4120714285714269,0.22732561080479421,-1.0,False
GBPJPY,GBPJPYb,2026-05-27,buy,confirmed_close,opposite,fixed,0.5,2026-05-27 09:45:00+00:00,2026-05-27 17:00:00+00:00,214.362,214.026,214.52999999999997,214.335,-0.08035714285710736,loss,19.20390171979529,-1.54317067391144,1319.1445885689857,214.355,214.026,0.3289999999999793,1.2080000000000004,0.2723509933774662,-0.6934523809524256,False
GBPJPY,GBPJPYb,2026-06-01,buy,confirmed_close,opposite,fixed,0.5,2026-06-01 08:15:00+00:00,2026-06-01 09:48:00+00:00,214.648,214.296,214.824,214.824,0.5,win,21.412715655687023,10.706357827843512,1438.2207348736451,214.612,214.296,0.3160000000000025,1.0574999999999986,0.29881796690307605,-0.022727272727300254,False
GBPJPY,GBPJPYb,2026-06-02,buy,confirmed_close,opposite,fixed,0.5,2026-06-02 08:30:00+00:00,2026-06-02 09:35:00+00:00,215.08,214.654,215.293,215.293,0.5,win,21.984045841590902,10.992022920795451,1476.5950790268555,215.068,214.654,0.4140000000000157,1.012999999999997,0.40868706811452804,-0.12910798122066838,False
GBPJPY,GBPJPYb,2026-06-03,sell,confirmed_close,opposite,fixed,0.5,2026-06-03 08:30:00+00:00,2026-06-03 09:09:00+00:00,215.171,215.383,215.065,215.065,0.5,win,22.148926185402832,11.074463092701416,1487.6695421195568,215.383,215.182,0.20100000000002183,1.0164999999999975,0.19773733398920051,-0.047169811320841984,False
GBPJPY,GBPJPYb,2026-06-04,buy,confirmed_close,opposite,fixed,0.5,2026-06-04 12:30:00+00:00,2026-06-04 14:19:00+00:00,214.837,214.363,215.07399999999998,215.07399999999998,0.5,win,23.033876463447097,11.516938231723548,1547.10870246153,214.801,214.363,0.4379999999999882,0.9547142857142846,0.45877599880292097,-0.12025316455693925,False
GBPJPY,GBPJPYb,2026-06-05,buy,confirmed_close,opposite,fixed,0.5,2026-06-05 09:45:00+00:00,2026-06-05 10:58:00+00:00,214.903,214.588,215.0605,215.0605,0.5,win,23.337053953960933,11.668526976980466,1567.4721239077091,214.858,214.588,0.27000000000001023,0.942928571428571,0.28634194379214795,-0.17777777777772566,False
GBPJPY,GBPJPYb,2026-06-10,buy,confirmed_close,opposite,fixed,0.5,2026-06-10 08:45:00+00:00,2026-06-10 12:45:00+00:00,214.735,214.295,214.95500000000004,214.95500000000004,0.5,win,24.40619501841062,12.20309750920531,1639.4249837796865,214.725,214.295,0.4300000000000068,0.9642142857142814,0.44595895992296636,-0.32272727272730883,False
GBPJPY,GBPJPYb,2026-06-17,sell,confirmed_close,opposite,fixed,0.5,2026-06-17 09:15:00+00:00,2026-06-17 09:32:00+00:00,215.126,215.451,214.9635,214.9635,0.5,win,25.826514452202954,12.913257226101477,1734.6808873729651,215.451,215.233,0.2179999999999893,1.0542142857142827,0.20678907785079337,-0.04307692307686792,False
GBPJPY,GBPJPYb,2026-06-23,sell,confirmed_close,opposite,fixed,0.5,2026-06-23 10:45:00+00:00,2026-06-23 11:28:00+00:00,213.647,214.169,213.38599999999997,213.38599999999997,0.5,win,27.08955568849357,13.544777844246784,1819.5151570771513,214.169,213.852,0.3170000000000073,1.300142857142855,0.24381936050984007,-0.03065134099620488,False
GBPJPY,GBPJPYb,2026-06-24,buy,confirmed_close,opposite,fixed,0.5,2026-06-24 09:15:00+00:00,2026-06-24 11:14:00+00:00,213.489,213.054,213.7065,213.054,-1.0,loss,27.87359398070664,-27.87359398070664,1830.3660047330695,213.361,213.054,0.30699999999998795,1.3191428571428543,0.2327268789257007,-1.0,False
GBPJPY,GBPJPYb,2026-06-25,buy,confirmed_close,opposite,fixed,0.5,2026-06-25 10:00:00+00:00,2026-06-25 11:28:00+00:00,213.261,212.81,213.48649999999998,213.48649999999998,0.5,win,27.455490070996042,13.727745035498021,1844.0937497685675,213.251,212.81,0.4410000000000025,1.3314285714285685,0.33122317596566786,-0.1263858093126137,False
GBPJPY,GBPJPYb,2026-06-29,buy,confirmed_close,opposite,fixed,0.5,2026-06-29 08:45:00+00:00,2026-06-29 09:46:00+00:00,213.729,213.314,213.93650000000002,213.93650000000002,0.5,win,27.624993488612848,13.812496744306424,1855.4787293184963,213.681,213.314,0.36700000000001864,1.2111428571428564,0.30301958008965935,-0.033734939759058585,False
GBPJPY,GBPJPYb,2026-07-02,sell,confirmed_close,opposite,fixed,0.5,2026-07-02 10:00:00+00:00,2026-07-02 14:56:00+00:00,215.315,216.072,214.9365,214.9365,0.5,win,33.086380645403125,16.543190322701562,2222.3019000162435,216.072,215.644,0.42799999999999727,1.2505714285714293,0.3422435458076284,-0.21003963011887816,False
GBPJPY,GBPJPYb,2026-07-08,buy,confirmed_close,opposite,fixed,0.5,2026-07-08 11:15:00+00:00,2026-07-08 16:34:00+00:00,216.946,216.29,217.274,217.274,0.5,win,33.96635505522958,16.98317752761479,2281.4068478762533,216.871,216.29,0.5810000000000173,1.249214285714286,0.46509234375894787,-0.6448170731707287,False
GBPJPY,GBPJPYb,2026-07-13,buy,confirmed_close,opposite,fixed,0.5,2026-07-13 09:00:00+00:00,2026-07-13 17:00:00+00:00,217.115,216.405,217.47000000000003,217.136,0.02957746478871317,win,35.02229270838233,1.0358706294021844,2335.8553845215574,216.855,216.405,0.44999999999998863,1.1565,0.3891050583657489,-0.6309859154929612,False
GBPJPY,GBPJPYb,2026-07-14,buy,confirmed_close,opposite,fixed,0.5,2026-07-14 11:45:00+00:00,2026-07-14 14:48:00+00:00,216.952,216.679,217.0885,217.0885,0.5,win,33.99457935671142,16.99728967835571,2283.3025801257836,216.94,216.679,0.2609999999999957,1.1336428571428558,0.23023123936739612,-0.34798534798534875,False
GBPJPY,GBPJPYb,2026-07-15,buy,confirmed_close,opposite,fixed,0.5,2026-07-15 08:45:00+00:00,2026-07-15 16:03:00+00:00,217.526,216.964,217.80700000000002,217.80700000000002,0.5,win,34.775106163404104,17.387553081702052,2300.9528578119052,217.447,216.964,0.4830000000000041,1.113285714285713,0.43385089182600184,-0.3790035587188929,False
GBPJPY,GBPJPYb,2026-07-16,sell,confirmed_close,opposite,fixed,0.5,2026-07-16 12:15:00+00:00,2026-07-16 13:57:00+00:00,219.174,219.551,218.9855,218.9855,0.5,win,34.61795538563785,17.308977692818925,2325.172670068676,219.551,219.202,0.34899999999998954,1.2361428571428559,0.28232982780537724,-0.04509283819627787,False
GBPJPY,GBPJPYb,2026-07-17,sell,confirmed_close,opposite,fixed,0.5,2026-07-17 10:15:00+00:00,2026-07-17 13:01:00+00:00,218.465,218.946,218.2245,218.2245,0.5,win,34.35442620026469,17.177213100132345,2322.6832239246837,218.946,218.564,0.382000000000005,1.2559999999999982,0.30414012738853946,-0.21621621621618747,False
GBPJPY,GBPJPYb,2026-07-20,buy,confirmed_close,opposite,fixed,0.5,2026-07-20 09:00:00+00:00,2026-07-20 17:00:00+00:00,218.663,218.217,218.88600000000002,218.597,-0.14798206278027534,loss,35.36285208425331,-5.2330677972215645,2368.8098931910076,218.645,218.217,0.42799999999999727,1.2203571428571414,0.3507170032191963,-0.6659192825112072,False
GBPJPY,GBPJPYb,2026-07-21,buy,confirmed_close,opposite,fixed,0.5,2026-07-21 08:15:00+00:00,2026-07-21 09:23:00+00:00,218.41,218.054,218.588,218.588,0.5,win,35.532148397865114,17.766074198932557,2386.57596738994,218.401,218.054,0.3470000000000084,1.1639285714285685,0.2981282602025241,-0.028089887640424322,False
GBPJPY,GBPJPYb,2026-07-22,sell,confirmed_close,opposite,fixed,0.5,2026-07-22 10:45:00+00:00,2026-07-22 17:00:00+00:00,218.007,218.404,217.8085,218.301,-0.7405541561712572,loss,37.57811891745707,-27.828632145420578,2494.418333016575,218.404,218.056,0.34799999999998477,1.1911428571428562,0.2921563924202321,-0.7808564231738262,False
GBPJPY,GBPJPYb,2026-07-28,buy,confirmed_close,opposite,fixed,0.5,2026-07-28 10:30:00+00:00,2026-07-28 17:00:00+00:00,217.854,217.484,218.03900000000002,217.92,0.17837837837830614,win,39.94629170776999,7.1255547370587875,2670.211668588391,217.821,217.484,0.3369999999999891,1.030142857142857,0.3271390930522707,-0.8459459459459804,False
