timeframe_minutes,pivot_bars,minimum_leg_atr,structure_mode,value_area_pct,vah_tolerance_atr,reaction_mode,expiry_bars,stop_mode,stop_buffer_atr,reward_risk,maximum_hold_hours,management,train_trades,train_wins,train_losses,train_win_rate_pct,train_profit_factor,train_net_r,train_mean_r,train_return_pct,train_max_drawdown_pct,train_final_balance,validation_trades,validation_wins,validation_losses,validation_win_rate_pct,validation_profit_factor,validation_net_r,validation_mean_r,validation_return_pct,validation_max_drawdown_pct,validation_final_balance,robust_score
60,5,3.5,0,0.8,0.15,0,12,1,0.25,3.0,72,0,30,15,15,50.0,2.797275666469452,27.185518730082112,0.9061839576694037,30.334560606895366,6.245512366147035,13033.456060689537,4,3,1,75.0,8.910428341691812,7.970897288597439,1.9927243221493598,8.149085244439092,1.6183634712245205,10814.90852444391,90.99916014915388
60,5,3.5,0,0.8,0.15,0,12,1,0.1,3.0,72,0,30,15,15,50.0,2.7892072323977337,27.150291879799834,0.9050097293266611,30.288022115791403,6.759064537756218,13028.80221157914,4,3,1,75.0,8.899135224238888,7.96533249111305,1.9913331227782625,8.14321043249544,1.7523645006747235,10814.321043249543,90.83478731643963
60,5,3.5,0,0.8,0.15,0,12,1,0.1,3.0,24,0,31,16,15,51.61290322580645,2.6896553261589355,25.047927380748693,0.8079976574435063,27.663687618246556,6.429226982231244,12766.368761824657,4,3,1,75.0,6.2320964999060635,5.275943133554372,1.318985783388593,5.3194451280349275,1.7234408472376026,10531.944512803493,80.95426656897803
60,5,3.5,0,0.8,0.15,0,12,1,0.25,3.0,24,0,31,16,15,51.61290322580645,2.692036910317542,24.910942414029645,0.8035787875493434,27.493522595684674,6.245512366147018,12749.352259568466,4,3,1,75.0,6.21757513744573,5.2574593586704506,1.3143648396676126,5.299921547687947,1.3379931975976689,10529.992154768795,80.52816562484402
60,5,1.5,0,0.8,0.15,0,12,1,0.25,3.0,72,0,35,16,19,45.714285714285715,2.3634987323219097,26.129691328558913,0.7465626093873975,28.883034280726072,6.2455123661470475,12888.303428072608,8,4,4,50.0,2.9747534245522194,7.943817551471279,0.9929771939339099,8.05600592675837,3.030717390122363,10805.600592675837,79.22825011914837
60,5,1.5,0,0.8,0.15,0,12,1,0.1,3.0,72,0,35,16,19,45.714285714285715,2.356728553867229,26.078094054985538,0.7450884015710154,28.816076451893345,6.759064537756235,12881.607645189335,8,4,4,50.0,2.970701507282793,7.933224065018728,0.991653008127341,8.044768992642236,3.280721889510811,10804.476899264224,79.03647585030426
60,5,3.5,0,0.8,0.15,0,12,1,0.0,3.0,72,0,30,14,16,46.666666666666664,2.4245123269158335,23.10618355861572,0.7702061186205239,25.172760299256304,7.145791437682264,12517.27602992563,4,2,2,50.0,2.9495188218482857,3.9598186616913464,0.9899546654228366,3.9369793091893257,2.6347400606033275,10393.697930918932,76.60183282086653
60,2,2.5,1,0.8,0.05,0,12,1,0.0,3.0,24,0,20,11,9,55.0,3.0976399680004105,18.49811274311401,0.9249056371557005,19.83261881717686,3.7071466176699395,11983.261881717686,7,3,4,42.857142857142854,2.2234686331275673,4.933668697383656,0.7048098139119509,4.898001188091294,4.387576033358628,10489.80011880913,74.87260824961669
60,2,2.5,1,0.8,0.05,0,12,1,0.0,3.0,72,0,20,11,9,55.0,3.380546616059786,21.733604005472838,1.086680200273642,23.6802574679454,3.9141693124917354,12368.02574679454,7,3,4,42.857142857142854,2.2234686331275673,4.933668697383656,0.7048098139119509,4.898001188091294,4.387576033358628,10489.80011880913,74.87260824961669
60,5,3.5,0,0.8,0.15,0,12,1,0.25,3.0,6,0,31,20,11,64.51612903225806,3.2561062225605415,22.831256076244838,0.736492131491769,25.101467409690258,4.2137746386302535,12510.146740969025,4,3,1,75.0,4.568850671505022,3.5961317026259225,0.8990329256564806,3.603752543642247,1.3379931975976689,10360.375254364224,74.5573304621025
60,5,3.5,0,0.8,0.15,0,48,1,0.1,3.0,72,0,44,20,24,45.45454545454545,2.2577350087093775,30.500245726251993,0.6931874028693635,34.42670278834035,4.744373287717154,13442.670278834035,9,4,5,44.44444444444444,2.3757719735079874,6.92886431809989,0.76987381312221,6.9593419511967625,3.4756085969397366,10695.934195119677,73.77980641639147
60,5,3.5,0,0.8,0.15,0,24,1,0.1,3.0,72,0,36,17,19,47.22222222222222,2.383231931899772,26.564028604870607,0.7378896834686279,29.441834168332726,6.75906453775625,12944.183416833272,4,3,1,75.0,8.899135224238888,7.96533249111305,1.9913331227782625,8.14321043249544,1.7523645006747235,10814.321043249543,73.31083212964037
60,5,3.5,0,0.8,0.15,0,24,1,0.0,3.0,72,0,36,17,19,47.22222222222222,2.3789718479664566,26.534006629424248,0.7370557397062291,29.403158577150634,7.1457914376822655,12940.315857715064,4,2,2,50.0,2.9495188218482857,3.9598186616913464,0.9899546654228366,3.9369793091893257,2.6347400606033275,10393.697930918932,73.1957139715383
60,5,1.5,0,0.8,0.15,0,12,1,0.1,3.0,24,0,36,17,19,47.22222222222222,2.2704994153961953,23.975729555934404,0.6659924876648445,26.221390710401018,6.42922698223127,12622.139071040101,8,4,4,50.0,2.302627138378821,5.243834707460049,0.6554793384325062,5.223574127151176,3.280721889510811,10522.357412715119,69.92290151284276
60,5,1.5,0,0.8,0.15,0,12,1,0.25,3.0,24,0,36,17,19,47.22222222222222,2.271580621059499,23.855115012506445,0.6626420836807346,26.073636698943425,6.24551236614706,12607.363669894343,8,4,4,50.0,2.30021995122984,5.230379621544293,0.6537974526930366,5.209294384015317,3.030717390122363,10520.929438401532,69.76789822718746
60,2,2.5,1,0.8,0.05,0,12,1,0.0,3.0,6,0,20,11,9,55.0,2.974093511205231,12.656661415549678,0.6328330707774839,13.191019922081338,4.8257929825478065,11319.101992208134,7,4,3,57.142857142857146,3.0095280148030104,6.077733238297991,0.8682476054711417,6.110323047861477,3.2825689757643404,10611.032304786148,69.14989067537397
60,5,3.5,0,0.8,0.15,0,12,1,0.1,3.0,6,0,31,19,12,61.29032258064516,2.844182922082292,20.75744008690721,0.6695948415131358,22.54072459388121,5.538900788375124,12254.07245938812,4,3,1,75.0,4.729461593352662,3.760715668309442,0.9401789170773605,3.7728725502205407,1.7234408472376026,10377.287255022055,67.47645973941906
60,5,1.5,0,0.8,0.15,0,24,1,0.1,3.0,72,0,41,18,23,43.90243902439025,2.0963688790411132,25.49183078005632,0.6217519702452761,27.979448421454567,7.411553147884535,12797.944842145456,9,4,5,44.44444444444444,2.379067891121362,6.932130018714519,0.7702366687460577,6.963139242913741,3.280721889510811,10696.313924291373,66.15350010303617
60,5,3.5,0,0.8,0.15,0,48,1,0.1,3.0,24,0,46,22,24,47.82608695652174,2.171141438268557,27.60748635146611,0.6001627467710025,30.729580260911927,4.4670801589838245,13072.958026091192,9,5,4,55.55555555555556,2.5585529781224703,6.286236933523166,0.6984707703914629,6.320129421968845,2.5172089562742728,10632.012942196885,64.32079125339773
60,5,3.5,0,0.8,0.15,0,48,1,0.25,3.0,72,0,44,19,25,43.18181818181818,2.05276393813703,26.52541158209691,0.6028502632294752,29.239236395606415,7.301693265728537,12923.923639560642,9,4,5,44.44444444444444,2.380587050732228,6.94290036019021,0.7714333733544678,6.974230664120884,3.155113305984685,10697.423066412088,64.18271111257728
60,5,3.5,0,0.8,0.15,0,24,1,0.25,3.0,72,0,36,16,20,44.44444444444444,2.1200249241886584,22.578608494744888,0.6271835692984691,24.43350772900277,7.185716495216027,12443.350772900276,4,3,1,75.0,8.910428341691812,7.970897288597439,1.9927243221493598,8.149085244439092,1.6183634712245205,10814.90852444391,61.68820757975466
60,5,3.5,0,0.8,0.15,0,24,1,0.1,3.0,24,0,38,18,20,47.36842105263158,2.205546037636541,23.54411125962512,0.6195818752532926,25.674194313595567,6.4292269822312464,12567.419431359556,4,3,1,75.0,6.2320964999060635,5.275943133554372,1.318985783388593,5.3194451280349275,1.7234408472376026,10531.944512803493,61.144469772911876
30,5,2.5,0,0.7,0.05,0,12,1,0.1,3.0,72,0,40,16,24,40.0,1.911942848709343,22.108459051479706,0.5527114762869927,23.75932386352182,7.674055383777498,12375.932386352182,18,8,10,44.44444444444444,2.3295556904358525,13.47493235592044,0.7486073531066911,13.975249622080078,7.908590937419557,11397.524962208008,58.91496176778943
30,5,2.5,0,0.7,0.05,0,12,1,0.0,3.0,72,0,40,16,24,40.0,1.9092383415960985,22.097783280645583,0.5524445820161396,23.74435679235065,7.739135224488805,12374.435679235065,18,8,10,44.44444444444444,2.3341820531601947,13.543302151388446,0.7524056750771358,14.050487225339193,6.537519749244926,11405.048722533918,58.89303066925346
30,5,2.5,0,0.7,0.05,0,12,1,0.25,3.0,24,0,40,17,23,42.5,1.9418846484155576,21.854472465243568,0.5463618116310892,23.504453191534402,6.685146589057584,12350.44531915344,19,9,10,47.36842105263158,2.1547885070943344,11.659810463438278,0.6136742349178042,11.985435076096884,8.221014675787993,11198.54350760969,58.326262806748154
30,5,2.5,0,0.7,0.05,0,12,1,0.0,3.0,24,0,40,17,23,42.5,1.969897124365522,22.598314910255308,0.5649578727563827,24.4019201179684,6.911078323733333,12440.19201179684,19,8,11,42.10526315789474,1.905317513542568,10.107357283219493,0.531966172801026,10.251812286702688,6.537519749244941,11025.181228670268,56.892160835119135
30,5,2.5,0,0.7,0.05,0,12,1,0.1,3.0,24,0,40,17,23,42.5,1.969253523597306,22.52490536978491,0.5631226342446227,24.314106456069485,6.812772389242941,12431.410645606948,19,8,11,42.10526315789474,1.8958719673875741,9.984868118169231,0.5255193746404858,10.119397584671708,7.9085909374195715,11011.939758467171,56.16873916993396
60,5,1.5,0,0.8,0.15,0,24,1,0.25,3.0,72,0,41,17,24,41.46341463414634,1.8894897781859417,21.522781093221695,0.5249458803224804,23.047700990673437,7.185716495216029,12304.770099067344,9,4,5,44.44444444444444,2.3819924597665607,6.942767945073678,0.771418660563742,6.974311704739566,3.030717390122363,10697.431170473958,56.072683108206355
30,5,2.5,0,0.7,0.05,0,12,1,0.25,3.0,6,0,41,22,19,53.65853658536585,2.224423043388719,20.655438338775053,0.5037911789945135,22.280422120482136,6.1360931793287605,12228.042212048213,19,11,8,57.89473684210526,3.0784715930435715,15.578152790856485,0.8199027784661308,16.461911720709764,5.550924646963548,11646.191172070976,54.75937162282447
60,5,3.5,0,0.8,0.15,0,48,1,0.25,3.0,24,0,46,21,25,45.65217391304348,1.9574422473875537,23.393547363454328,0.5085553774663985,25.39014548037324,7.1857164952160355,12539.014548037323,9,5,4,55.55555555555556,2.535514350398822,6.182361197282701,0.6869290219203,6.2106819635709964,2.120820282202744,10621.0681963571,54.5695377610014
60,5,1.5,0,0.8,0.15,0,12,1,0.0,3.0,72,0,35,15,20,42.857142857142854,2.085772177796585,22.01551899437199,0.6290148284106283,23.735969859412375,7.145791437682266,12373.596985941238,8,3,5,37.5,1.776802532654744,3.9230371966979183,0.4903796495872398,3.8375793959722904,4.027502379414328,10383.75793959723,52.38254499550615
60,5,3.5,0,0.8,0.15,0,24,1,0.25,3.0,6,0,38,23,15,60.526315789473685,2.438870006536363,19.877482497368646,0.523091644667596,21.437656491877878,4.213774638630249,12143.765649187788,4,3,1,75.0,4.568850671505022,3.5961317026259225,0.8990329256564806,3.603752543642247,1.3379931975976689,10360.375254364224,52.09502179275792
60,5,1.5,0,0.8,0.15,0,24,1,0.1,3.0,24,0,43,19,24,44.18604651162791,1.9531425310194386,22.47191343481083,0.5226026380188565,24.254373961887588,6.429226982231275,12425.43739618876,9,4,5,44.44444444444444,1.844044673189791,4.242740661155839,0.47141562901731543,4.17018719125577,3.280721889510811,10417.018719125577,50.67415713847665
60,5,3.5,0,0.8,0.15,0,24,1,0.25,3.0,24,0,38,17,21,44.73684210526316,1.9526416436337086,19.43274833779665,0.5113881141525434,20.663502193482543,7.185716495216004,12066.350219348255,4,3,1,75.0,6.21757513744573,5.2574593586704506,1.3143648396676126,5.299921547687947,1.3379931975976689,10529.992154768795,49.773895504052206
30,5,2.5,0,0.7,0.05,0,12,1,0.25,3.0,72,0,40,15,25,37.5,1.718114301946746,18.104689841825863,0.45261724604564657,18.949158590222726,7.590817414118847,11894.915859022272,18,9,9,50.0,2.911587814998468,17.37441966588323,0.9652455369935128,18.466224482513095,7.748918112568289,11846.62244825131,48.52746201962069
60,5,3.5,0,0.8,0.15,0,24,1,0.1,3.0,6,0,38,22,16,57.89473684210526,2.1887818524644267,17.866888859801897,0.47018128578426044,19.02580452529028,5.538900788375147,11902.580452529028,4,3,1,75.0,4.729461593352662,3.760715668309442,0.9401789170773605,3.7728725502205407,1.7234408472376026,10377.287255022055,46.2243020272958
60,5,1.5,0,0.8,0.15,0,24,1,0.25,3.0,24,0,43,18,25,41.86046511627907,1.7520259834108618,18.37692093627345,0.4273702543319407,19.319681726938033,7.185716495216046,11931.968172693803,9,4,5,44.44444444444444,1.8418691560826885,4.229330015146689,0.46992555723852103,4.156097156690386,3.030717390122363,10415.60971566904,46.04019291960224
30,5,2.5,0,0.7,0.05,0,12,1,0.1,3.0,6,0,41,20,21,48.78048780487805,1.8088387772382342,15.660393308487587,0.38196081240213625,16.331069135707143,6.96433299839523,11633.106913570715,19,9,10,47.36842105263158,2.14758840786724,11.033067343515334,0.5806877549218598,11.313938756444264,5.835314600107515,11131.393875644426,41.69547204214177
60,2,2.5,1,0.8,0.05,0,12,0,0.0,3.0,24,0,20,12,8,60.0,2.333032440727745,7.082758831784229,0.35413794158921147,7.214506846307689,2.3361950650155126,10721.450684630769,7,5,2,71.42857142857143,14.325673391267255,3.1381405279397443,0.44830578970567775,3.1739501537043635,2.116619484781488,10317.395015370437,40.14763149064369
60,2,2.5,1,0.8,0.05,0,12,0,0.1,3.0,24,0,20,12,8,60.0,2.3054566962007703,6.9032136038803955,0.3451606801940198,7.02466889184119,2.3306057074060678,10702.46688918412,7,5,2,71.42857142857143,14.295565170970853,3.061496766105007,0.43735668087214385,3.0955680979510403,2.044649471284649,10309.556809795104,39.19508922352714
60,2,2.5,1,0.8,0.05,0,12,0,0.25,3.0,24,0,20,12,8,60.0,2.2660744616258364,6.649534713669594,0.3324767356834797,6.756918262571587,2.3226071922881073,10675.691826257158,7,5,2,71.42857142857143,14.255328146801084,2.953883889486064,0.4219834127837235,2.9855875595377723,1.9455623063362448,10298.558755953776,37.84841021423034
60,5,1.5,0,0.8,0.15,0,48,1,0.25,3.0,72,0,50,20,30,40.0,1.8091995733323123,24.467113571576988,0.48934227143153974,26.518752091688768,7.301693265728512,12651.875209168877,15,5,10,33.333333333333336,1.4885006739842324,4.909556771490498,0.3273037847660332,4.748579528058183,5.0907485857554144,10474.857952805818,35.54653710085205
60,5,1.5,0,0.8,0.15,0,48,1,0.1,3.0,72,0,50,21,29,42.0,1.9701570804620163,28.425310022604666,0.5685062004520933,31.575280989501664,5.609845783500057,13157.528098950166,15,5,10,33.333333333333336,1.4859989882184708,4.889527900364392,0.3259685266909595,4.727778143303896,5.406327269505843,10472.77781433039,35.50951877074686
60,5,1.5,0,0.8,0.15,0,24,1,0.0,3.0,72,0,41,18,23,43.90243902439025,2.092090602997089,25.443342065180524,0.6205693186629396,27.91780968267268,7.785706745134763,12791.780968267269,9,3,6,33.333333333333336,1.4828517588446715,2.921911372433722,0.32465681915930245,2.7980345733483736,4.988307837285346,10279.803457334838,35.19450153821091
60,5,3.5,0,0.8,0.15,0,48,1,0.0,3.0,72,0,44,20,24,45.45454545454545,2.2535592835850107,30.45873979883137,0.6922440863370766,34.37101978417476,5.138487137828606,13437.101978417477,9,3,6,33.333333333333336,1.4801628803811402,2.9133031093146062,0.3237003454794007,2.788798888756161,6.199794902711423,10278.879888875616,35.188631123839066
60,2,2.5,1,0.8,0.05,0,12,1,0.1,3.0,6,0,20,11,9,55.0,2.835351162158571,10.024490757997482,0.5012245378998741,10.337998148682214,5.032504507236926,11033.799814868222,7,4,3,57.142857142857146,1.7224985965885717,2.182945636499036,0.3118493766427194,2.1321045761134805,3.794285792680892,10213.210457611347,34.53592874118284
30,5,1.5,0,0.6,0.05,0,48,1,0.0,3.0,72,0,98,34,64,34.69387755102041,1.5330171183025705,34.57192848977747,0.35277478050793337,38.8233656880739,8.77846380692635,13882.33656880739,36,12,24,33.333333333333336,1.4682903819325186,11.38247826764916,0.31617995187914333,11.33561406355048,9.675026266409557,11133.561406355047,34.33516616705922
30,5,2.5,0,0.6,0.05,0,48,1,0.0,3.0,72,0,94,33,61,35.1063829787234,1.5601078434295013,34.624124986116875,0.3683417551714561,38.97841266323417,8.77846380692635,13897.841266323416,36,12,24,33.333333333333336,1.4682903819325186,11.38247826764916,0.31617995187914333,11.33561406355048,9.675026266409557,11133.561406355047,34.33516616705922
30,5,2.5,0,0.6,0.05,0,48,1,0.25,3.0,6,0,101,48,53,47.524752475247524,1.6602851136496504,30.88081401513725,0.3057506338132401,34.63468230644864,9.42735725504786,13463.468230644865,37,17,20,45.945945945945944,1.6647735126628673,12.415686029252099,0.3355590818716783,12.684488876467292,7.137224899407651,11268.44888764673,33.69375078929307
30,5,2.5,0,0.6,0.05,0,48,1,0.25,3.0,72,0,93,32,61,34.40860215053763,1.4673464416987678,28.792364163450156,0.30959531358548553,31.226610835404458,10.33504848814855,13122.661083540446,36,13,23,36.111111111111114,1.6183387813266932,14.342989271846141,0.39841636866239283,14.670456276381438,9.645338537916235,11467.045627638143,33.6352131239216
60,2,1.5,1,0.8,0.05,0,24,1,0.0,3.0,6,0,30,16,14,53.333333333333336,2.489890822900105,16.013995363223767,0.5337998454407923,16.934286842930657,4.769382695223573,11693.428684293065,10,4,6,40.0,1.501097022744416,3.038498444922244,0.3038498444922244,2.9179415946686715,7.603871201615192,10291.794159466866,33.1707357498942
60,2,1.5,1,0.8,0.05,0,12,1,0.0,3.0,6,0,25,14,11,56.0,2.7860424619186244,15.030502662670003,0.6012201065068001,15.853655328005246,4.825792982547788,11585.365532800524,10,4,6,40.0,1.501097022744416,3.038498444922244,0.3038498444922244,2.9179415946686715,7.603871201615192,10291.794159466866,33.1707357498942
60,5,1.5,0,0.8,0.15,0,12,1,0.1,3.0,6,0,36,20,16,55.55555555555556,2.2864108251592334,19.685242262092917,0.5468122850581366,21.156305018791,4.706407000762105,12115.630501879099,9,4,5,44.44444444444444,1.5372966284674952,2.7101475584156374,0.30112750649062636,2.6224865751178994,3.280721889510811,10262.24865751179,33.13521799525131
60,5,1.5,0,0.7,0.15,0,12,1,0.1,3.0,6,0,50,26,24,52.0,1.9339983492126747,18.07284182997601,0.3614568365995202,19.21485479746199,5.863917268622748,11921.4854797462,15,7,8,46.666666666666664,1.6285407287190874,4.463919573791966,0.2975946382527977,4.393374094121438,3.9405396063774236,10439.337409412145,32.94196911882455
30,5,1.5,0,0.6,0.05,0,48,1,0.25,3.0,6,0,105,49,56,46.666666666666664,1.6393906190972252,31.266082934961215,0.29777221842820206,35.098319072105525,9.427357255047871,13509.831907210553,37,17,20,45.945945945945944,1.6647735126628673,12.415686029252099,0.3355590818716783,12.684488876467292,7.137224899407651,11268.44888764673,32.85412026168442
30,5,2.5,0,0.7,0.05,0,12,1,0.0,3.0,6,0,41,19,22,46.34146341463415,1.5884286627358495,12.074385913659432,0.2944972174063276,12.26855389767232,6.977139708143676,11226.855389767232,19,8,11,42.10526315789474,1.6945689287732666,7.427076785379438,0.39089877817786517,7.404534336557167,6.092483910035416,10740.453433655717,32.507523910971244
30,5,1.5,0,0.6,0.05,0,48,1,0.25,3.0,72,0,97,33,64,34.02061855670103,1.444830339526347,28.753655739040557,0.29642944060866555,31.09802440128988,10.335048488148542,13109.802440128988,36,13,23,36.111111111111114,1.6183387813266932,14.342989271846141,0.39841636866239283,14.670456276381438,9.645338537916235,11467.045627638143,32.27359362189476
30,5,2.5,0,0.6,0.05,0,48,1,0.1,3.0,72,0,93,31,62,33.333333333333336,1.4410785635059224,27.664251458267906,0.2974650694437409,29.744582928912067,10.519919266104017,12974.458292891206,36,12,24,33.333333333333336,1.436796503620803,10.598973953152306,0.29441594314311964,10.490569736704947,9.66065828619933,11049.056973670495,32.04508395685175
60,5,1.5,0,0.8,0.15,0,12,1,0.25,3.0,6,0,36,21,15,58.333333333333336,2.538083272807702,21.775428674721645,0.604873018742268,23.70822165398263,4.213774638630265,12370.822165398264,9,4,5,44.44444444444444,1.5069873918882617,2.5540469893596747,0.2837829988177416,2.463907009671207,3.1334846225092403,10246.39070096712,31.369706696532273
60,5,1.5,0,0.8,0.15,0,48,1,0.1,3.0,24,0,52,23,29,44.23076923076923,1.892038306987795,25.532550647818784,0.49101058938113046,27.956580795947538,5.42414103351645,12795.658079594754,15,6,9,40.0,1.468866057810351,4.246900515787668,0.2831267010525112,4.101901929724128,3.280721889510818,10410.190192972414,31.202212631084812
30,5,1.5,0,0.6,0.05,0,48,1,0.1,3.0,72,0,97,32,65,32.98969072164948,1.4200091390675378,27.618665732151236,0.28472851270259003,29.60847185162814,10.519919266104017,12960.847185162813,36,12,24,33.333333333333336,1.436796503620803,10.598973953152306,0.29441594314311964,10.490569736704947,9.66065828619933,11049.056973670495,31.042766183692258
60,5,1.5,0,0.8,0.15,0,48,1,0.25,3.0,24,0,52,22,30,42.30769230769231,1.7238766973465345,21.335249352934404,0.4102932567872001,22.750684491907624,7.185716495216014,12275.068449190761,15,6,9,40.0,1.458578840063749,4.149017608582988,0.27660117390553257,4.000916831289514,3.0642958456588194,10400.091683128952,30.423390953191774
60,5,3.5,0,0.8,0.15,0,12,1,0.0,3.0,24,0,31,15,16,48.38709677419355,2.3280433545320176,21.131002104531245,0.6816452291784273,22.80452915780633,6.855929465289669,12280.452915780634,4,2,2,50.0,1.634527034007412,1.2888370004184266,0.32220925010460666,1.2416153429400056,2.2874779937136975,10124.161534294,30.239567101801526
60,5,3.5,0,0.8,0.15,0,24,1,0.0,3.0,24,0,38,18,20,47.36842105263158,2.202499978654887,23.6075591135997,0.6212515556210447,25.750918195198945,6.855929465289689,12575.091819519896,4,2,2,50.0,1.634527034007412,1.2888370004184266,0.32220925010460666,1.2416153429400056,2.2874779937136975,10124.161534294,30.239567101801526
60,5,1.5,0,0.7,0.15,0,12,1,0.25,3.0,6,0,50,27,23,54.0,2.024470417908841,17.512041583117515,0.3502408316623503,18.618381279459385,6.258429177846438,11861.838127945939,15,7,8,46.666666666666664,1.567766398268765,4.022163841400495,0.26814425609336634,3.9393091727254914,4.003433976539391,10393.93091727255,29.851711527427355
60,2,2.5,1,0.7,0.05,0,12,1,0.1,3.0,6,0,20,11,9,55.0,1.8376320755080835,6.16710220921885,0.3083551104609425,6.182142428054038,4.912350163326458,10618.214242805405,4,2,2,50.0,1.8157915430921505,1.6491576516291993,0.4122894129072998,1.6180216778217238,2.2487473999332726,10161.802167782173,29.33329691372238
60,5,3.5,0,0.8,0.15,0,48,1,0.0,3.0,24,0,46,22,24,47.82608695652174,2.171280375084091,27.742240388169453,0.6030921823515099,30.90145472868493,4.842358985447473,13090.145472868493,9,4,5,44.44444444444444,1.4665452142954651,2.3626540255170854,0.2625171139463428,2.2676680137782457,4.259942504131565,10226.766801377824,29.124518793397765
30,5,2.5,0,0.6,0.15,0,48,1,0.25,3.0,6,0,112,51,61,45.535714285714285,1.5970950971122604,31.764454372273082,0.28361119975243826,35.64059958522272,9.196270596031274,13564.059958522272,39,17,22,43.58974358974359,1.4815273650481726,9.962716700329699,0.2554542743674282,9.94686837162555,9.045961912171308,10994.686837162555,28.325593876488682
30,5,2.5,0,0.7,0.05,0,12,0,0.25,3.0,72,0,35,15,20,42.857142857142854,1.449559405572904,8.684789107622114,0.24813683164634612,8.591586502413362,8.02874629902126,10859.158650241336,17,9,8,52.94117647058823,2.6402196115346226,11.762570656088908,0.6919159209464063,12.178906737077423,3.8317970050384322,11217.890673707743,27.52011437362876
60,2,2.5,1,0.7,0.05,0,12,1,0.0,3.0,6,0,20,10,10,50.0,1.5874505791791358,5.464065388439915,0.27320326942199574,5.38648224360414,6.9189366235040435,10538.648224360415,4,2,2,50.0,2.6268044415357266,3.294292755107988,0.823573188776997,3.265649279640792,2.448547841698308,10326.564927964078,25.241035694391016
30,5,2.5,0,0.6,0.15,0,48,1,0.25,3.0,72,0,101,34,67,33.663366336633665,1.4234851174692444,28.669848963946528,0.28385989073214385,30.91074172485233,11.806575671559969,13091.074172485232,38,12,26,31.57894736842105,1.3178967312078105,8.333064984504153,0.21929118380274087,8.012778360849882,11.454165781236023,10801.277836084988,24.222873467009073
30,5,2.5,0,0.6,0.15,0,48,0,0.25,3.0,72,0,86,35,51,40.69767441860465,1.389993906504971,18.096128533451147,0.21042009922617613,18.63554296730858,5.896582176578413,11863.55429673086,30,15,15,50.0,1.5900387161778553,8.433250351362132,0.2811083450454044,8.472559492142985,6.402530757608078,10847.255949214297,23.781244610619584
60,5,1.5,0,0.8,0.15,0,24,1,0.1,3.0,6,0,43,23,20,53.48837209302326,1.8803909383396795,16.794691034987604,0.3905742101159908,17.681095211127197,4.706407000762136,11768.10952111272,10,4,6,40.0,1.370139187883079,2.0947725610205064,0.20947725610205065,1.990973451029432,3.280721889510811,10199.097345102942,23.645409093205334
30,5,2.5,0,0.6,0.05,0,48,1,0.0,3.0,6,0,101,43,58,42.57425742574257,1.490742799299831,26.584583241099583,0.26321369545643153,28.787095934104244,9.317642033015193,12878.709593410424,37,14,23,37.83783783783784,1.353314875213042,7.729619522870361,0.208908635753253,7.525749918891389,7.532387599313122,10752.57499188914,23.40219341974311
30,5,1.5,0,0.6,0.05,0,48,1,0.0,3.0,6,0,105,44,61,41.904761904761905,1.4868003421941214,27.420476632400526,0.2611473964990526,29.79753789962569,10.235158086111841,12979.75378996257,37,14,23,37.83783783783784,1.353314875213042,7.729619522870361,0.208908635753253,7.525749918891389,7.532387599313122,10752.57499188914,23.34714245655731
30,5,2.5,0,0.6,0.05,0,48,1,0.25,3.0,24,0,97,36,61,37.11340206185567,1.503823060468009,30.675902235998027,0.31624641480410337,33.79033163158771,12.184201758401922,13379.03316315877,37,13,24,35.13513513513514,1.3257221492136746,7.719926000031315,0.20864664864949498,7.455660812823872,10.603841976908639,10745.566081282386,23.14881567384537
30,5,1.5,0,0.6,0.05,0,48,1,0.25,3.0,24,0,101,37,64,36.633663366336634,1.4793226749737993,30.637193811588435,0.3033385525899845,33.659233056733086,12.184201758401905,13365.923305673308,37,13,24,35.13513513513514,1.3257221492136746,7.719926000031315,0.20864664864949498,7.455660812823872,10.603841976908639,10745.566081282386,23.14881567384537
60,5,1.5,0,0.8,0.15,0,24,1,0.25,3.0,6,0,43,24,19,55.81395348837209,2.054292922082292,18.821655095845458,0.4377129092057083,20.085214326381085,4.213774638630243,12008.521432638108,10,4,6,40.0,1.3489060573517704,1.963668381337685,0.19636683813376848,1.8589820217425501,3.1334846225092505,10185.898202174254,22.32145897704241
60,5,1.5,0,0.7,0.15,0,12,1,0.0,3.0,6,0,50,22,28,44.0,1.3880834147325218,9.582095450185173,0.19164190900370348,9.481126383137116,5.304659687735728,10948.112638313713,15,7,8,46.666666666666664,1.675817929930884,4.811516937962978,0.3207677958641985,4.751715950670787,3.880392032113822,10475.171595067079,21.899337020795226
30,5,1.5,0,0.6,0.05,0,48,1,0.0,3.0,24,0,102,38,64,37.254901960784316,1.6055673509725605,38.855692480343414,0.3809381615719943,44.90252357728664,8.77846380692635,14490.252357728663,37,12,25,32.432432432432435,1.2817965741148722,7.135053119785493,0.192839273507716,6.779418666984505,9.675026266409526,10677.941866698451,21.630777538989417
30,5,2.5,0,0.6,0.05,0,48,1,0.0,3.0,24,0,98,37,61,37.755102040816325,1.6365800589950341,38.90788897668282,0.39701927527227365,45.064360151860306,8.77846380692635,14506.436015186031,37,12,25,32.432432432432435,1.2817965741148722,7.135053119785493,0.192839273507716,6.779418666984505,9.675026266409526,10677.941866698451,21.630777538989417
30,5,2.5,0,0.6,0.05,0,48,1,0.1,3.0,6,0,101,44,57,43.56435643564357,1.5355916325574543,28.103299632383425,0.2782504914097369,30.789831340043825,9.206938031280519,13078.983134004382,37,14,23,37.83783783783784,1.3216296077100558,7.012222768467444,0.18951953428290388,6.771276550750893,7.607778294420318,10677.12765507509,21.40655497780631
30,5,1.5,0,0.6,0.05,0,48,1,0.1,3.0,6,0,105,45,60,42.857142857142854,1.524885939355998,28.667083134827998,0.2730198393793143,31.4682078639283,10.124060130734012,13146.820786392831,37,14,23,37.83783783783784,1.3216296077100558,7.012222768467444,0.18951953428290388,6.771276550750893,7.607778294420318,10677.12765507509,21.3515276518391
60,2,1.5,1,0.8,0.05,0,24,1,0.0,3.0,72,0,30,15,15,50.0,2.8247810583210726,27.67309006322951,0.9224363354409836,30.978266136852927,3.907960798118124,13097.826613685293,10,3,7,30.0,1.2678871700645975,1.8944339040079081,0.1894433904007908,1.7420930365459109,8.659506916246826,10174.20930365459,21.2003324925133
60,2,1.5,1,0.8,0.05,0,24,1,0.0,3.0,24,0,30,16,14,53.333333333333336,2.747228634385241,24.199300408402873,0.8066433469467624,26.654476675386473,3.907960798118124,12665.447667538647,10,3,7,30.0,1.2678871700645975,1.8944339040079081,0.1894433904007908,1.7420930365459109,8.659506916246826,10174.20930365459,21.2003324925133
60,2,1.5,1,0.8,0.05,0,12,1,0.0,3.0,72,0,25,12,13,48.0,2.5745232404720397,20.705757225572878,0.8282302890229151,22.336884582885542,3.9141693124917345,12233.688458288554,10,3,7,30.0,1.2678871700645975,1.8944339040079081,0.1894433904007908,1.7420930365459109,8.659506916246826,10174.20930365459,21.2003324925133
60,2,1.5,1,0.8,0.05,0,12,1,0.0,3.0,24,0,25,13,12,52.0,2.7502138615220684,20.714554803027806,0.8285821921211123,22.40281857358437,3.9079607981181375,12240.281857358437,10,3,7,30.0,1.2678871700645975,1.8944339040079081,0.1894433904007908,1.7420930365459109,8.659506916246826,10174.20930365459,21.2003324925133
60,5,1.5,0,0.7,0.15,0,12,0,0.0,3.0,24,0,48,28,20,58.333333333333336,1.6506737525985724,8.5216870106198,0.17753514605457918,8.680046348490688,3.968175326602884,10868.004634849069,13,10,3,76.92307692307692,2.7797833950010706,4.305300333852316,0.3311769487578705,4.3535602497822845,2.819839876082085,10435.356024978228,21.080677324020417
30,5,2.5,0,0.6,0.05,0,48,1,0.1,3.0,24,0,97,37,60,38.144329896907216,1.5876669248550515,35.26199654231536,0.36352573754964285,40.000932606744534,10.519919266104017,14000.093260674454,37,12,25,32.432432432432435,1.2734504814059031,6.9116658121063805,0.18680177870557785,6.54669619675845,9.660658286199313,10654.669619675846,20.959642293375985
30,5,1.5,0,0.6,0.05,0,48,1,0.1,3.0,24,0,101,38,63,37.62376237623762,1.5586260992442795,35.21641081619869,0.3486773348138484,39.85406190642182,10.519919266104017,13985.406190642181,37,12,25,32.432432432432435,1.2734504814059031,6.9116658121063805,0.18680177870557785,6.54669619675845,9.660658286199313,10654.669619675846,20.959642293375985
60,2,2.5,1,0.7,0.05,0,12,1,0.25,3.0,6,0,20,12,8,60.0,2.024974249234319,6.447062387964875,0.32235311939824374,6.51036445265607,4.601656265633931,10651.036445265607,4,2,2,50.0,1.4545746625907907,0.917281334891499,0.22932033372287475,0.8887660895580574,2.036533822283995,10088.876608955807,20.72602711277443
30,5,2.5,0,0.6,0.05,0,48,0,0.25,3.0,24,0,93,45,48,48.38709677419355,1.4862243257086756,17.597966343492246,0.18922544455368007,18.451300544107063,5.747877352449399,11845.130054410707,35,20,15,57.142857142857146,1.5570645213418448,6.1730990578339,0.17637425879525429,6.195973448246317,6.098372950349246,10619.597344824631,20.602324047767436
60,5,1.5,0,0.7,0.15,0,12,0,0.0,3.0,6,0,50,33,17,66.0,2.737066930386922,7.485368627668851,0.14970737255337702,7.708386733138051,1.5155080353315595,10770.838673313805,15,10,5,66.66666666666667,3.015674723136566,4.438637696970563,0.29590917979803755,4.4932147962694735,2.171422274632167,10449.321479626948,20.591844651857595
60,5,1.5,0,0.7,0.15,0,12,0,0.1,3.0,24,0,48,28,20,58.333333333333336,1.6294379145845905,8.189228700344964,0.17060893125718676,8.325213186976498,3.8907669213209517,10832.52131869765,13,10,3,76.92307692307692,2.741738420231941,4.203810797208723,0.3233700613237479,4.248726869350294,2.793731418295937,10424.87268693503,20.350228672570125
60,5,1.5,0,0.7,0.15,0,12,0,0.1,3.0,6,0,50,33,17,66.0,2.7234687413591097,7.303759069993449,0.14607518139986897,7.51538220684933,1.5018464315104123,10751.538220684934,15,10,5,66.66666666666667,2.97529128833941,4.318818197329888,0.2879212131553259,4.36969363573918,2.1556469832891447,10436.969363573919,20.202375675931748
30,5,1.5,0,0.6,0.05,0,48,0,0.25,3.0,24,0,97,46,51,47.422680412371136,1.4251759853078851,16.668394853841438,0.17183912220455091,17.312415578202934,5.990014853026493,11731.241557820293,35,20,15,57.142857142857146,1.5570645213418448,6.1730990578339,0.17637425879525429,6.195973448246317,6.098372950349246,10619.597344824631,20.026713707895517
30,5,2.5,0,0.6,0.05,0,48,0,0.0,3.0,24,0,93,44,49,47.31182795698925,1.462032934800989,17.66177394021451,0.18991154774424204,18.4603667743096,7.09386835034995,11846.03667743096,35,19,16,54.285714285714285,1.4944740639991454,6.006802561056028,0.17162293031588652,6.000616380682922,6.194750562657663,10600.061638068293,20.019078694015246
30,5,1.5,0,0.6,0.05,0,48,0,0.0,3.0,24,0,97,45,52,46.391752577319586,1.4095075042911462,16.88705600645483,0.1740933608912869,17.499336209859926,6.607195520555578,11749.933620985992,35,19,16,54.285714285714285,1.4944740639991454,6.006802561056028,0.17162293031588652,6.000616380682922,6.194750562657663,10600.061638068293,19.94322820278322
30,5,2.5,0,0.6,0.15,0,48,0,0.0,3.0,72,0,86,34,52,39.53488372093023,1.3130518124574362,14.872799621224695,0.17293953047935692,14.902488068561803,6.079014818194684,11490.24880685618,31,15,16,48.38709677419355,1.5271126936735946,8.06783803403413,0.2602528398075526,8.062001278133657,7.404060330374422,10806.200127813365,19.82238664330807
60,5,1.5,0,0.7,0.15,0,12,0,0.25,3.0,6,0,50,33,17,66.0,2.7035075267809754,7.047549945004167,0.14095099890008334,7.243598268713991,1.4846364248512136,10724.3598268714,15,10,5,66.66666666666667,2.9185318682196306,4.151330815244505,0.27675538768296704,4.197210315089461,2.132814222775924,10419.721031508945,19.651404962427705
30,5,2.5,0,0.6,0.15,0,48,0,0.1,3.0,72,0,86,34,52,39.53488372093023,1.3066021941548929,14.552926604867128,0.16922007680078055,14.5417000466733,6.084716462864246,11454.17000466733,31,15,16,48.38709677419355,1.510020170758941,7.804064995801953,0.2517440321226437,7.78129735703601,7.368547352657637,10778.129735703602,19.439672817508356
60,5,1.5,0,0.7,0.15,0,12,0,0.25,3.0,24,0,48,28,20,58.333333333333336,1.5984201356778152,7.7143330788027935,0.1607152724750582,7.820089157449872,3.854912080319959,10782.008915744987,13,10,3,76.92307692307692,2.687186653849013,4.058913846003237,0.312224142000249,4.099219819365474,2.7581296839699876,10409.921981936548,19.300978527003778
30,5,2.5,0,0.6,0.05,0,48,0,0.1,3.0,24,0,93,44,49,47.31182795698925,1.469647350547113,17.529210937287854,0.1884861391106221,18.329262459014473,6.412388593677712,11832.926245901448,35,19,16,54.285714285714285,1.464494822104242,5.6302171540277595,0.160863347257936,5.6079172350702144,6.154940806998154,10560.791723507022,18.98893294822703
30,5,1.5,0,0.6,0.05,0,48,0,0.1,3.0,24,0,97,45,52,46.391752577319586,1.4137798780671051,16.689853341917953,0.17206034373111292,17.295100969601982,6.2214291325063655,11729.510096960199,35,19,16,54.285714285714285,1.464494822104242,5.6302171540277595,0.160863347257936,5.6079172350702144,6.154940806998154,10560.791723507022,18.898960627823037
60,5,1.5,0,0.8,0.15,0,12,0,0.0,3.0,6,0,36,26,10,72.22222222222223,2.486600490603588,4.882681265182312,0.1356300351439531,4.971477079617381,1.3442632520819033,10497.147707961738,9,6,3,66.66666666666667,3.2957736067137824,3.681039262640375,0.40900436251559724,3.6934405860902464,1.3935469217090384,10369.344058609024,18.68285018959935
30,5,2.5,0,0.6,0.05,0,48,0,0.25,3.0,72,0,79,31,48,39.24050632911393,1.2878937589564174,12.862470975249824,0.16281608829430158,12.691482201387894,9.533392927623844,11269.14822013879,29,15,14,51.724137931034484,1.7242647725504652,9.62589574082399,0.3319274393387583,9.777927735666836,6.379850832864108,10977.792773566684,18.62551250985178
60,5,3.5,0,0.8,0.15,0,48,1,0.1,3.0,6,0,46,26,20,56.52173913043478,2.1954483711191095,22.00116317678547,0.47828615601707547,23.91318055148972,4.033149693258528,12391.318055148973,9,4,5,44.44444444444444,1.3908537935332737,1.4137869822039462,0.15708744246710513,1.354072431894715,2.5172089562742843,10135.407243189471,18.47872136148095
60,5,1.5,0,0.8,0.15,0,12,0,0.1,3.0,6,0,36,26,10,72.22222222222223,2.474944304807666,4.772930279064133,0.13258139664067037,4.8574936043843,1.3142966734363593,10485.749360438429,9,6,3,66.66666666666667,3.254167012338672,3.5964759652156184,0.39960844057951317,3.6077404841876826,1.3729912577839893,10360.774048418769,18.355907307514734
30,5,2.5,0,0.7,0.05,0,12,0,0.0,3.0,72,0,35,13,22,37.142857142857146,1.258127320486823,5.519900657919515,0.157711447369129,5.202240179196438,8.080697476222314,10520.224017919643,17,9,8,52.94117647058823,2.683045067875103,12.076237986673469,0.710366940392557,12.526286310658152,3.8987027520718316,11252.628631065814,18.091594705102825
60,5,1.5,0,0.8,0.15,0,12,1,0.0,3.0,24,0,36,16,20,44.44444444444444,2.0036561714763383,20.040337540287524,0.5566760427857645,21.39492236283256,6.85592946528968,12139.492236283255,8,3,5,37.5,1.247920134879471,1.2520555354249976,0.1565069419281247,1.1447931354261698,3.6852077261773566,10114.479313542617,17.954901152387652
30,5,2.5,0,0.7,0.05,0,12,0,0.1,3.0,72,0,35,13,22,37.142857142857146,1.2558786169801937,5.465353953910167,0.15615297011171905,5.145863977477649,8.058599393804121,10514.586397747766,17,9,8,52.94117647058823,2.6652877214779256,11.946187523722527,0.7027169131601486,12.382155423772968,3.870590431354004,11238.215542377297,17.932575457293662
60,5,1.5,0,0.8,0.15,0,12,0,0.25,3.0,6,0,36,26,10,72.22222222222223,2.457543476409769,4.617112381887961,0.12825312171911002,4.6958158855453735,1.272345002360152,10469.581588554538,9,6,3,66.66666666666667,3.194167723193366,3.4756145652415165,0.3861793961379463,3.485301982292066,1.3433190867821576,10348.530198229206,17.890058488823012
30,5,1.5,0,0.6,0.05,0,48,0,0.25,3.0,72,0,83,32,51,38.55421686746988,1.2694113651547734,12.84775828970702,0.15479226855068698,12.608218613562737,9.533392927623844,11260.821861356273,29,15,14,51.724137931034484,1.7242647725504652,9.62589574082399,0.3319274393387583,9.777927735666836,6.379850832864108,10977.792773566684,17.78616574788703
60,5,3.5,0,0.8,0.15,0,48,1,0.25,3.0,6,0,46,27,19,58.69565217391305,2.448301774496211,24.325928591717293,0.5288245346025499,26.82672506504815,3.456064859154833,12682.672506504816,9,4,5,44.44444444444444,1.373079630328862,1.3156642317247746,0.14618491463608607,1.2565120471300206,2.120820282202772,10125.651204713002,17.387545342016445
60,5,1.5,0,0.8,0.15,0,48,0,0.0,3.0,6,0,52,37,15,71.15384615384616,2.3971386853160133,6.443236446947352,0.12390839321052599,6.613398441051288,1.4882220190695687,10661.339844105129,15,9,6,60.0,2.5972767998406496,3.4011185607317636,0.22674123738211757,3.402719082596173,1.5471596697585834,10340.271908259618,17.36954598372309
60,5,1.5,0,0.8,0.15,0,48,0,0.1,3.0,6,0,52,37,15,71.15384615384616,2.3890082594532407,6.310142158903818,0.12134888767122727,6.473011091082181,1.456609052013582,10647.301109108217,15,9,6,60.0,2.5718729238804197,3.3197459950323496,0.2213163996688233,3.320588363197974,1.5328383063503799,10332.058836319797,17.098193859872165
60,5,1.5,0,0.8,0.15,0,48,0,0.25,3.0,6,0,52,37,15,71.15384615384616,2.3768595366453966,6.120997907315088,0.11771149821759784,6.273751602080568,1.4122490363603264,10627.375160208057,15,9,6,60.0,2.5350859579009892,3.2037658606163797,0.21358439070775864,3.2035715857283042,1.5125109264715626,10320.357158572831,16.71137711168626
30,5,2.5,0,0.6,0.15,0,48,1,0.0,3.0,72,0,103,35,68,33.980582524271846,1.4844045651275193,33.41106478797918,0.3243792697862056,37.13330764999414,10.679476832115716,13713.330764999413,38,11,27,28.94736842105263,1.1965966739452087,5.372271451233029,0.14137556450613234,4.871151991814959,11.484936032319544,10487.115199181497,16.208009801177443
60,5,1.5,0,0.7,0.15,0,12,1,0.1,3.0,72,0,48,21,27,43.75,2.212363202025242,33.01612690195488,0.68783597712406,37.712857328870264,5.435624297707274,13771.285732887027,14,4,10,28.571428571428573,1.1895398182434531,1.9074663046636875,0.1362475931902634,1.6950502513483956,5.826577067371518,10169.50502513484,15.925049351581174
60,5,1.5,0,0.7,0.15,0,12,1,0.25,3.0,72,0,48,20,28,41.666666666666664,2.0316310411819942,29.081666818304434,0.6058680587146758,32.450752575507956,7.702101604618085,13245.075257550796,14,4,10,28.571428571428573,1.191153905607448,1.921778572590443,0.13726989804217452,1.7095866952517635,5.555427150334107,10170.958669525176,15.917976539265482
60,2,2.5,1,0.8,0.05,0,12,1,0.25,3.0,24,0,20,12,8,60.0,3.8707350781034635,22.129471832774392,1.1064735916387196,24.226395873467442,3.638635553747379,12422.639587346745,7,2,5,28.571428571428573,1.1896567834385696,0.9543877465362263,0.1363411066480323,0.8445913593337684,6.758909071208115,10084.459135933377,15.815833841575868
60,5,1.5,0,0.7,0.15,0,12,1,0.0,3.0,72,0,48,17,31,35.416666666666664,1.5406096233588586,16.936717401524763,0.3528482791984326,17.4400757919106,5.755845100383483,11744.00757919106,14,4,10,28.571428571428573,1.1879921704063,1.8937417012667155,0.13526726437619396,1.681106126262355,6.064682357504528,10168.110612626235,15.809634857091945
30,5,2.5,0,0.6,0.15,0,48,0,0.25,3.0,24,0,102,52,50,50.98039215686274,1.5678040278254801,21.126267355317008,0.20712026818938242,22.6624275470124,5.046146490766794,12266.24275470124,37,20,17,54.054054054054056,1.392977243493334,4.811724040160178,0.13004659568000482,4.755070768835501,6.590018178880282,10475.50707688355,15.758971580226973
60,2,2.5,1,0.8,0.05,0,12,1,0.1,3.0,24,0,20,11,9,55.0,3.0911572123517796,18.3481142883428,0.9174057144171399,19.657225999313255,3.6768591796817582,11965.722599931325,7,2,5,28.571428571428573,1.1873423803547907,0.9441644892847165,0.13488064132638808,0.8342811386199855,7.322682067799055,10083.428113861999,15.631332123448429
60,2,2.5,1,0.8,0.05,0,12,1,0.1,3.0,72,0,20,11,9,55.0,3.3762381491265394,21.64324500985016,1.082162250492508,23.571373817881458,3.878629616850039,12357.137381788145,7,2,5,28.571428571428573,1.1873423803547907,0.9441644892847165,0.13488064132638808,0.8342811386199855,7.322682067799055,10083.428113861999,15.631332123448429
60,5,1.5,0,0.7,0.15,0,12,0,0.0,3.0,72,0,41,22,19,53.65853658536585,1.8536390087606123,15.320535621730532,0.37367160053001297,16.026675501087894,6.972420361837588,11602.66755010879,13,7,6,53.84615384615385,1.3282576552426426,1.6838865974971087,0.12952973826900835,1.619590072295396,4.703024769211961,10161.95900722954,15.45504964863739
60,5,1.5,0,0.8,0.15,0,24,0,0.0,3.0,6,0,43,31,12,72.09302325581395,2.1476496376561305,4.631953278393765,0.10771984368357593,4.7062494041527625,1.365905049287838,10470.624940415277,10,6,4,60.0,2.699692655828407,3.327015585134006,0.3327015585134006,3.326341254394505,1.629033141080154,10332.63412543945,15.209331182484881
30,5,2.5,0,0.6,0.15,0,48,0,0.0,3.0,24,0,102,51,51,50.0,1.54137659461016,21.244919514904677,0.2082835246559282,22.74125528940163,5.068889084466186,12274.125528940163,37,19,18,51.351351351351354,1.3473602926058996,4.626899051647678,0.12505132572020752,4.543013149209751,6.638125317557789,10454.301314920975,15.165324254151724
30,5,2.5,0,0.7,0.05,0,12,0,0.25,3.0,24,0,38,19,19,50.0,1.3153614881725824,4.746445189432196,0.12490645235347883,4.625585308108837,5.7977460924566,10462.558530810884,19,11,8,57.89473684210526,3.093298989919626,9.918420603506917,0.5220221370266799,10.254632160705413,2.9871507286073444,11025.46321607054,15.07307667350105
60,5,1.5,0,0.8,0.15,0,24,0,0.1,3.0,6,0,43,31,12,72.09302325581395,2.135260908247748,4.519363666456645,0.1051014806152708,4.5896289265391355,1.3353813080215275,10458.962892653914,10,6,4,60.0,2.6709707924484074,3.248109265910464,0.3248109265910464,3.2468056184382865,1.6138039003585694,10324.680561843828,14.923631171280899
30,5,2.5,0,0.6,0.15,0,48,1,0.0,3.0,6,0,112,46,66,41.07142857142857,1.451718014100128,27.38220774733765,0.24448399774408616,29.65049819635457,11.819097173323367,12965.049819635457,39,14,25,35.8974358974359,1.2081635829279525,4.973658100888778,0.12752969489458404,4.6003921389541125,9.767947006342444,10460.03921389541,14.829038770326301
60,5,1.5,0,0.7,0.15,0,12,0,0.1,3.0,72,0,41,22,19,53.65853658536585,1.8366755666685834,15.007872570606839,0.36604567245382535,15.669901971261325,6.975637479358138,11566.990197126132,13,7,6,53.84615384615385,1.3089810867250817,1.5843688759056325,0.12187452891581788,1.5201061331194365,4.676731781392065,10152.010613311944,14.65078254923199
60,5,1.5,0,0.8,0.15,0,24,0,0.25,3.0,6,0,43,31,12,72.09302325581395,2.1171075221763287,4.359907733818459,0.10139320311205718,4.424628083774684,1.2926216856678476,10442.462808377468,10,6,4,60.0,2.6294267835654774,3.135402292599342,0.3135402292599342,3.1332322845675,1.5921518522643074,10313.32322845675,14.517795771702355
30,5,2.5,0,0.6,0.15,0,48,0,0.1,3.0,24,0,102,51,51,50.0,1.5500723801633067,21.089456307121022,0.20675937556001003,22.576446828801334,5.111092063814463,12257.644682880133,37,19,18,51.351351351351354,1.3203984137021643,4.257947320380741,0.1150796573075876,4.16365668880001,6.618638843904449,10416.36566888,14.115402843501458
30,5,2.5,0,0.6,0.15,0,48,1,0.1,3.0,72,0,102,33,69,32.35294117647059,1.3794092846722457,26.498481804680488,0.2597890373007891,28.082625033435747,12.471743975569796,12808.262503343574,38,11,27,28.94736842105263,1.1681869374352005,4.58880054728273,0.12075790913901922,4.075256958889395,11.470124500753533,10407.52569588894,14.0302163148511
60,2,2.5,1,0.8,0.05,0,12,1,0.25,3.0,72,0,19,12,7,63.1578947368421,4.750206210640645,26.51162898645231,1.3953488940238057,29.696635452510755,3.8330000366100867,12969.663545251075,7,2,5,28.571428571428573,1.1896567834385696,0.9543877465362263,0.1363411066480323,0.8445913593337684,6.758909071208115,10084.459135933377,13.815833841575868
60,5,1.5,0,0.7,0.15,0,12,0,0.25,3.0,72,0,41,23,18,56.09756097560975,1.9439108416683308,15.973168993723954,0.38958948765180373,16.813082483939446,6.980287471091416,11681.308248393945,13,7,6,53.84615384615385,1.2811449559326338,1.4408154671287328,0.11083195900990252,1.376726819360674,4.653555117788669,10137.672681936068,13.490574297551559
30,5,2.5,0,0.6,0.15,0,48,1,0.1,3.0,6,0,112,47,65,41.964285714285715,1.4857273381853138,28.592672125074106,0.2552917154024474,31.26836732483278,11.138822416431376,13126.836732483278,39,14,25,35.8974358974359,1.1848738731567576,4.4030930285518775,0.11289982124491993,4.016831246840935,9.683385554521923,10401.683124684094,13.36028847123102
30,5,2.5,0,0.7,0.05,0,12,0,0.0,3.0,24,0,38,18,20,47.36842105263158,1.250360173165986,4.038152181887265,0.10626716268124382,3.867609521585358,6.157285556166806,10386.760952158536,19,11,8,57.89473684210526,3.2240107064869217,10.627165186413233,0.5593244834954333,11.025571078023777,3.0074009206805967,11102.557107802379,13.057572708441747
60,2,1.5,1,0.8,0.05,0,24,0,0.1,3.0,24,0,30,17,13,56.666666666666664,1.7205994548587908,6.673399554554972,0.22244665181849904,6.737650745999235,2.682248905175299,10673.765074599924,10,5,5,50.0,1.394501583400217,0.9312323844398878,0.09312323844398877,0.9122758120981178,2.1411528826921202,10091.227581209812,12.18018160416863
60,2,1.5,1,0.8,0.05,0,12,0,0.1,3.0,24,0,25,15,10,60.0,2.0692292999101385,7.8003765087102535,0.31201506034841014,7.958229972489428,2.682248905175303,10795.822997248943,10,5,5,50.0,1.394501583400217,0.9312323844398878,0.09312323844398877,0.9122758120981178,2.1411528826921202,10091.227581209812,12.18018160416863
60,2,2.5,1,0.8,0.05,0,12,0,0.0,3.0,72,0,19,8,11,42.10526315789474,1.370548886552052,3.8985349182704425,0.2051860483300233,3.74389114348217,4.215136989595565,10374.389114348218,6,2,4,33.333333333333336,1.4301654759497588,0.6808159929075248,0.11346933215125414,0.6545444200452222,3.4947841006581397,10065.454442004522,12.029713783759318
30,5,2.5,0,0.7,0.05,0,12,0,0.1,3.0,24,0,38,18,20,47.36842105263158,1.2247319041075249,3.617747370027315,0.09520387815861356,3.4390606316357264,6.002792937271159,10343.906063163573,19,11,8,57.89473684210526,3.1695474060906896,10.330506268847271,0.5437108562551195,10.702329813401867,2.9988640962624316,11070.232981340187,11.909257275195536
30,5,2.5,0,0.6,0.05,0,48,0,0.0,3.0,72,0,79,29,50,36.70886075949367,1.1565110058990422,7.32271757808867,0.09269262757074266,6.651964613986849,9.613283447168392,10665.196461398686,30,15,15,50.0,1.648446589620643,9.27505629762459,0.309168543254153,9.378185787870997,7.404060330374426,10937.818578787099,11.34888648249076
60,2,2.5,1,0.8,0.05,0,12,0,0.1,3.0,72,0,19,8,11,42.10526315789474,1.3638520317543414,3.824799304260167,0.2013052265400088,3.668735677481205,4.220452433553476,10366.87356774812,6,2,4,33.333333333333336,1.4024929762737217,0.6325195226351247,0.10541992043918745,0.6071453688108797,3.4089724522635105,10060.714536881089,11.211059976319751
60,2,1.5,1,0.8,0.05,0,12,0,0.25,3.0,24,0,25,15,10,60.0,2.2815630209853413,8.250567818917936,0.33002271275671746,8.455672065007281,2.5504798091949477,10845.567206500727,10,5,5,50.0,1.3534192285963036,0.8295412519306988,0.08295412519306988,0.8106047035580488,2.031666053390296,10081.060470355806,11.089011715227736
60,2,1.5,1,0.8,0.05,0,24,0,0.25,3.0,24,0,30,17,13,56.666666666666664,1.84775192913633,7.113232130459826,0.2371077376819942,7.218553545784934,2.5504798091949508,10721.855354578494,10,5,5,50.0,1.3534192285963036,0.8295412519306988,0.08295412519306988,0.8106047035580488,2.031666053390296,10081.060470355806,11.089011715227736
30,5,2.5,0,0.6,0.15,0,48,0,0.0,3.0,6,0,112,58,54,51.785714285714285,1.4135125355720863,9.527952748825818,0.0850710066859448,9.67596085536293,5.149519337259063,10967.596085536294,39,21,18,53.84615384615385,1.3721883752638648,3.2290085589618247,0.0827950912554314,3.1925292990740095,3.334309064299923,10319.252929907401,11.08380266124672
30,5,2.5,0,0.6,0.05,0,48,0,0.1,3.0,72,0,79,29,50,36.70886075949367,1.1515230874220133,7.082875487172806,0.08965665173636463,6.400321638759743,9.580105791528874,10640.032163875974,30,15,15,50.0,1.6297700538839441,9.005271757540866,0.3001757252513622,9.08758036006676,7.368547352657649,10908.758036006675,11.037303721437272
60,5,1.5,0,0.8,0.15,0,12,0,0.25,3.0,72,0,33,16,17,48.484848484848484,1.2009792282821332,2.905815702846797,0.08805502129838778,2.7350654233149863,7.186506067628466,10273.506542331499,8,4,4,50.0,1.240426814181309,0.768843829475707,0.09610547868446337,0.7290807022798163,2.6919360045186482,10072.90807022798,10.99599268007896
30,5,1.5,0,0.6,0.05,0,48,0,0.0,3.0,72,0,83,30,53,36.144578313253014,1.1467282969844264,7.306847742812146,0.08803431015436321,6.571931129955844,9.613283447168373,10657.193112995585,30,15,15,50.0,1.648446589620643,9.27505629762459,0.309168543254153,9.378185787870997,7.404060330374426,10937.818578787099,10.863489323023584
30,5,1.5,0,0.6,0.05,0,48,0,0.1,3.0,72,0,83,30,53,36.144578313253014,1.1420445955763228,7.067490327465758,0.08515048587308142,6.320991933185538,9.58010579152891,10632.099193318554,30,15,15,50.0,1.6297700538839441,9.005271757540866,0.3001757252513622,9.08758036006676,7.368547352657649,10908.758036006675,10.567730151417567
30,5,2.5,0,0.6,0.05,0,48,0,0.0,3.0,6,0,100,52,48,52.0,1.3462551730019217,7.735979754432429,0.07735979754432429,7.741521311958466,5.014695598200524,10774.152131195848,37,21,16,56.75675675675676,1.5397992544109231,4.105468764186377,0.11095861524828048,4.106754862500073,3.3343090642999362,10410.675486250007,10.49136698051688
30,5,2.5,0,0.6,0.15,0,48,0,0.1,3.0,6,0,112,58,54,51.785714285714285,1.4376777242151182,9.657380371551398,0.08622661046028034,9.834623885801141,5.1146451704377744,10983.462388580114,39,21,18,53.84615384615385,1.3489967851681675,3.0000159356545,0.07692348552960257,2.9599640547691264,3.336652581402489,10295.996405476912,10.45235135848172
30,5,1.5,0,0.6,0.05,0,48,0,0.0,3.0,6,0,104,53,51,50.96153846153846,1.324778541081842,7.764505599829293,0.07465870769066628,7.751882858829551,5.649786555211742,10775.188285882954,37,21,16,56.75675675675676,1.5397992544109231,4.105468764186377,0.11095861524828048,4.106754862500073,3.3343090642999362,10410.675486250007,10.140199273890246
60,2,2.5,1,0.8,0.05,0,12,0,0.25,3.0,72,0,19,8,11,42.10526315789474,1.354167521927762,3.7184241695089444,0.19570653523731285,3.5603661002774345,4.244165901433496,10356.036610027744,6,2,4,33.333333333333336,1.363175954789956,0.5649279686007891,0.09415466143346485,0.5408018994410124,3.2909237546113785,10054.080189944101,10.063742248021532
30,5,2.5,0,0.6,0.15,0,48,0,0.25,3.0,6,0,112,58,54,51.785714285714285,1.4197179788522112,9.036343140707476,0.08068163518488818,9.170637229256107,5.066381448734022,10917.063722925612,39,21,18,53.84615384615385,1.331192603401585,2.778933249367971,0.07125469870174285,2.738068368405022,3.339541986099421,10273.806836840502,9.852760135464809
30,5,2.5,0,0.6,0.05,0,48,0,0.1,3.0,6,0,100,52,48,52.0,1.322241446980009,7.134327734387754,0.07134327734387753,7.1055431491104715,4.980484672301514,10710.554314911047,37,21,16,56.75675675675676,1.5156712805604653,3.88132144936524,0.10490057971257405,3.877135800687559,3.33665258140248,10387.713580068756,9.843740163982318
30,5,1.5,0,0.6,0.05,0,48,0,0.1,3.0,6,0,104,53,51,50.96153846153846,1.301401483207639,7.138178732450201,0.06863633396586731,7.090290708952551,5.705522417802333,10709.029070895256,37,21,16,56.75675675675676,1.5156712805604653,3.88132144936524,0.10490057971257405,3.877135800687559,3.33665258140248,10387.713580068756,9.487863633906507
30,5,2.5,0,0.6,0.05,0,48,0,0.25,3.0,6,0,100,52,48,52.0,1.2959287595256617,6.434753560927673,0.06434753560927672,6.37338342080449,4.933210588559651,10637.33834208045,37,21,16,56.75675675675676,1.4816703255210677,3.572532026641256,0.09655491963895287,3.561412910997097,3.339541986099409,10356.14129109971,9.094377060638054
60,5,1.5,0,0.8,0.15,0,48,0,0.25,3.0,72,0,46,22,24,47.82608695652174,1.1487652086339104,3.1935763266947457,0.069425572319451,2.9442151264183813,7.6699642912339066,10294.421512641838,14,8,6,57.142857142857146,2.0810381956589996,3.8582711941729,0.2755907995837786,3.8685414986065814,3.4922491355990894,10386.85414986066,9.050694811849107
30,5,1.5,0,0.6,0.05,0,48,0,0.25,3.0,6,0,104,53,51,50.96153846153846,1.2753179103693726,6.403449261215085,0.06157162751168351,6.322015290422489,5.774172951853097,10632.20152904225,37,21,16,56.75675675675676,1.4816703255210677,3.572532026641256,0.09655491963895287,3.561412910997097,3.339541986099409,10356.14129109971,8.72510681076855
60,5,1.5,0,0.8,0.15,0,12,0,0.0,3.0,24,0,35,21,14,60.0,1.2172503132216594,1.9552501752048645,0.05586429072013899,1.8847457175200422,3.632984730966806,10188.474571752004,8,5,3,62.5,1.2338712655761501,0.5656544360904431,0.07070680451130539,0.5402242930825585,2.725445225257271,10054.022429308256,8.022673072332832
60,5,1.5,0,0.8,0.15,0,48,1,0.0,3.0,72,0,50,21,29,42.0,1.9662228649129951,28.365124553120726,0.5673024910624145,31.496441671561914,5.993061395917476,13149.644167156192,15,4,11,26.666666666666668,1.0782773113672972,0.8684444794412711,0.05789629862941807,0.6387446888929782,8.997573343318745,10063.874468889298,7.6835889573012555
60,5,1.5,0,0.8,0.15,0,12,0,0.1,3.0,24,0,35,21,14,60.0,1.2024153217391367,1.8114427376121598,0.051755506788918854,1.7403685419838721,3.5806993326831744,10174.036854198388,8,5,3,62.5,1.2214062684022748,0.5343143099659713,0.06678928874574641,0.5091499708786973,2.7121155817349347,10050.91499708787,7.585261820142789
60,5,1.5,0,0.7,0.15,0,12,1,0.0,3.0,24,0,50,18,32,36.0,1.3072344577500803,9.946504270132797,0.19893008540265594,9.65497710102361,5.7558451003834925,10965.497710102361,14,5,9,35.714285714285715,1.0819100016426118,0.7431134585891104,0.053079532756365025,0.5652062678403569,6.064682357504515,10056.520626784037,7.378697357581676
60,5,1.5,0,0.7,0.15,0,12,1,0.1,3.0,24,0,50,22,28,44.0,1.9121647887306186,25.787930206345052,0.515758604126901,28.282273155802606,5.435624297707264,12828.227315580261,14,5,9,35.714285714285715,1.0790268555302724,0.7161815104675586,0.05115582217625419,0.5383161202348052,5.838349484207797,10053.83161202348,7.194139979743718
60,5,1.5,0,0.8,0.15,0,12,0,0.25,3.0,24,0,35,21,14,60.0,1.1807149268886679,1.6045489297611124,0.045844255136031783,1.5328807767253316,3.5081373399260007,10153.288077672534,8,5,3,62.5,1.5888452052526554,1.0726368894993916,0.13407961118742395,1.056505912715422,2.118995392772942,10105.650591271542,6.955089584718575
60,5,1.5,0,0.7,0.15,0,12,1,0.25,3.0,24,0,50,21,29,42.0,1.7175889067534966,20.968594286859705,0.4193718857371941,22.316646364603155,7.702101604618069,12231.664636460315,14,5,9,35.714285714285715,1.0747652502697624,0.6768088744853182,0.048343491034665585,0.4989690136509406,5.760146594426998,10049.896901365095,6.79255852783922
60,5,1.5,0,0.8,0.15,0,12,0,0.1,3.0,72,0,33,15,18,45.45454545454545,1.0922843467220547,1.430405283396948,0.043345614648392365,1.223533737341831,7.25097444142113,10122.353373734182,8,4,4,50.0,1.261048095794494,0.8352543605318918,0.10440679506648648,0.7950032803294427,2.701901115221389,10079.500328032944,6.3037941495317
30,5,2.5,0,0.6,0.15,0,48,1,0.25,3.0,24,0,106,39,67,36.79245283018868,1.4498966421524309,30.13296687910138,0.28427327244435263,32.936617798092136,12.681711491195577,13293.661779809214,39,12,27,30.76923076923077,1.0640016935710166,1.7100017126893263,0.04384619776126478,1.216868336337118,12.622017654594195,10121.686833633712,6.12060841920817
60,5,1.5,0,0.8,0.15,0,24,0,0.25,3.0,72,0,38,18,20,47.36842105263158,1.08843503600402,1.5442251391220854,0.04063750366110751,1.318976727436838,7.618247224608042,10131.897672743684,9,5,4,55.55555555555556,1.4510602207821057,1.4424134373329485,0.16026815970366093,1.4075611761643403,3.132942663468953,10140.756117616434,6.013784113941713
60,5,3.5,0,0.8,0.15,0,48,0,0.0,3.0,24,0,44,27,17,61.36363636363637,1.12182818874687,1.2692307826603102,0.028846154151370686,1.1878248245251521,4.911498906401062,10118.782482452516,9,7,2,77.77777777777777,5.080569584874091,2.846120899826556,0.31623565553628397,2.8559675842487975,0.9548960423609877,10285.59675842488,5.06384036754615
60,5,3.5,0,0.8,0.15,0,48,0,0.1,3.0,24,0,44,27,17,61.36363636363637,1.1119711925507272,1.1593110101815518,0.026347977504126176,1.0782973223101289,4.8886500460059485,10107.829732231012,9,7,2,77.77777777777777,4.967405108129798,2.737758531484077,0.3041953923871197,2.7469225116933282,0.9300692574336513,10274.692251169332,4.79567964205312
60,5,1.5,0,0.8,0.15,0,24,1,0.0,3.0,24,0,43,19,24,44.18604651162791,1.9505604346632976,22.516894549355975,0.5236487104501389,24.30749139345323,6.8559294652896785,12430.749139345322,9,3,6,33.333333333333336,1.0414666418439174,0.25092971116080154,0.027881079017866836,0.13220649144880525,4.649439984217007,10013.22064914488,4.689943926856542
30,5,2.5,0,0.6,0.15,0,48,1,0.0,3.0,24,0,108,41,67,37.96296296296296,1.5863812286353074,39.447214288535584,0.3652519841531073,45.693536441213325,8.921933939651113,14569.353644121333,39,11,28,28.205128205128204,1.0396914291123234,1.1248463033693668,0.02884221290690684,0.5795022447273146,11.484936032319567,10057.950224472732,4.64339593238755
60,5,3.5,0,0.8,0.15,0,48,0,0.25,3.0,24,0,44,27,17,61.36363636363637,1.0972883958819255,0.9985096529822574,0.022693401204142212,0.9181774979674096,4.857856123233401,10091.81774979674,9,7,2,77.77777777777777,4.814322045140775,2.5908340071767775,0.28787044524186417,2.599097533867778,0.8951587850174726,10259.909753386779,4.402704054083474
60,5,1.5,0,0.8,0.15,0,48,1,0.0,3.0,24,0,52,23,29,44.23076923076923,1.8923029618491445,25.64862514245881,0.4932427912011309,28.101100476133524,5.512016295896346,12810.110047613352,15,5,10,33.333333333333336,1.031492063831958,0.3177953956437498,0.02118635970958332,0.12851441435539623,6.574224974082476,10012.85144143554,4.064425472401278
30,5,2.5,0,0.6,0.15,0,48,1,0.1,3.0,24,0,107,41,66,38.3177570093458,1.539556938368839,35.676026810630546,0.3334208113143042,40.43611903966491,10.81760836373693,14043.611903966492,39,11,28,28.205128205128204,1.0318611213763564,0.9014924062368057,0.02311518990350784,0.3603729370094566,11.470124500753569,10036.037293700945,4.055921708469676
60,2,1.5,1,0.8,0.05,0,24,0,0.0,3.0,24,0,30,17,13,56.666666666666664,1.7470410391211435,6.944184751927867,0.23147282506426226,7.023295677474017,2.6998257380399493,10702.329567747402,10,5,5,50.0,1.0394410146186992,0.12801076643781784,0.012801076643781783,0.09933770411483245,2.9714735759580035,10009.933770411484,3.420490806337934
60,2,1.5,1,0.8,0.05,0,12,0,0.0,3.0,24,0,25,15,10,60.0,2.1014040873856037,8.063708748219184,0.32254834992876735,8.23921039783444,2.699825738039927,10823.921039783443,10,5,5,50.0,1.0394410146186992,0.12801076643781784,0.012801076643781783,0.09933770411483245,2.9714735759580035,10009.933770411484,3.420490806337934
60,5,1.5,0,0.8,0.15,0,48,0,0.0,3.0,24,0,50,30,20,60.0,1.0422285996745955,0.5668430176626362,0.011336860353252725,0.4535644351713053,3.938145423083887,10045.35644351713,14,9,5,64.28571428571429,1.8440839141417142,2.758123148897014,0.1970087963497867,2.735673528703897,3.344437593893163,10273.56735287039,3.2526595293996516
60,5,1.5,0,0.8,0.15,0,48,0,0.1,3.0,24,0,50,30,20,60.0,1.0291741136842874,0.38972186564165545,0.007794437312833109,0.2780886411443362,3.937808684656699,10027.808864114433,14,9,5,64.28571428571429,1.808164644763235,2.6272700662629784,0.18766214759021274,2.6042385400472545,3.308503981444196,10260.423854004724,2.8723284576827046
60,5,1.5,0,0.8,0.15,0,12,0,0.0,3.0,72,0,33,14,19,42.42424242424242,1.015608130271565,0.25799416686673204,0.007818005056567637,0.036065105530003194,7.296718141249079,10003.606510553,8,4,4,50.0,1.27518939196874,0.8808434933018527,0.11010543666273159,0.8402709136040132,2.7087565987797815,10084.027091360402,2.5949361354585707
60,5,3.5,0,0.8,0.15,0,12,0,0.0,3.0,24,0,30,18,12,60.0,1.2366704247610807,1.6559147925862212,0.055197159752874043,1.6014041262983003,3.63298473096683,10160.14041262983,4,3,1,75.0,1.4956963798444969,0.20589568172608635,0.05147392043152159,0.2038539601956213,0.770434510146942,10020.385396019561,2.5636976000597205
60,5,3.5,0,0.8,0.15,0,12,0,0.1,3.0,24,0,30,18,12,60.0,1.227381633055503,1.5793835526835083,0.05264611842278361,1.5250332046039317,3.580699332683164,10152.503320460393,4,3,1,75.0,1.5025595834462404,0.20614642130986033,0.05153660532746508,0.20414867698916872,0.7613250675470733,10020.414867698917,2.554525630139935
30,5,2.5,0,0.7,0.05,0,12,0,0.1,3.0,6,0,41,23,18,56.09756097560975,1.0155819379310718,0.16090054161354309,0.003924403453988856,0.06492578527494963,4.240777111199456,10006.492578527495,19,11,8,57.89473684210526,2.1348944539524672,4.734652424237748,0.2491922328546183,4.755320751190384,2.899607604356169,10475.53207511904,2.468730821944461
60,5,1.5,0,0.8,0.15,0,48,0,0.25,3.0,24,0,50,30,20,60.0,1.0102189531629266,0.13558498407791753,0.0027116996815583507,0.026718636151445985,3.93872776081481,10002.671863615145,14,9,5,64.28571428571429,2.1467881728094715,3.030812957167795,0.21648663979769964,3.0272728009907324,2.6879162901441886,10302.727280099074,2.3260892289430206
60,5,3.5,0,0.8,0.15,0,12,0,0.25,3.0,24,0,30,18,12,60.0,1.2131992285875404,1.4659260592005579,0.04886420197335193,1.4117999744264642,3.508137339925981,10141.179997442647,4,3,1,75.0,1.512657517215666,0.20643175977764322,0.051607939944410805,0.20449736145602415,0.7480645598199634,10020.449736145601,2.2632742053581243
30,5,2.5,0,0.7,0.05,0,12,0,0.25,3.0,6,0,41,23,18,56.09756097560975,0.9847686264562646,-0.15389004187127625,-0.003753415655396982,-0.24220424351775183,4.222997594916957,9975.779575648225,19,11,8,57.89473684210526,2.113417450218251,4.561330884288268,0.2400700465414878,4.577165237407921,2.8792120121001905,10457.716523740792,1.6403890590332129
30,5,2.5,0,0.7,0.05,0,12,0,0.0,3.0,6,0,41,23,18,56.09756097560975,0.9857414030447366,-0.1574517495363985,-0.0038402865740585004,-0.26246308619142233,4.253602393528725,9973.753691380858,19,11,8,57.89473684210526,1.874457425313203,4.239970271868744,0.22315633009835495,4.231369791094242,2.913762024190825,10423.136979109424,1.6318112324272986
60,5,3.5,0,0.8,0.15,0,48,0,0.25,3.0,72,0,41,19,22,46.34146341463415,0.9800489732997016,-0.38834539329501383,-0.009471838860853996,-0.6047765925405124,7.669964291233922,9939.522340745949,9,5,4,55.55555555555556,2.739644295142339,2.724659491363595,0.3027399434848439,2.7326634435090424,1.5243162863304036,10273.266344350905,0.782974712339373
60,5,1.5,0,0.8,0.15,0,24,0,0.0,3.0,24,0,42,23,19,54.76190476190476,0.9515266584450511,-0.5629907596063062,-0.013404541895388242,-0.658387561587892,3.709511232130388,9934.16124384121,9,5,4,55.55555555555556,0.9996090799669627,-0.0011670834659767149,-0.00012967594066407942,-0.029659334020948336,3.2768183347732127,9997.034066597906,0.5702869627228594
60,5,1.5,0,0.8,0.15,0,24,0,0.1,3.0,24,0,42,23,19,54.76190476190476,0.9399705592315446,-0.6932176676046816,-0.01650518256201623,-0.7856100283059053,3.656166890644984,9921.438997169409,9,5,4,55.55555555555556,0.992107168882564,-0.02344991431942245,-0.002605546035491383,-0.051454109792214986,3.254752595584135,9994.854589020779,0.24031135812217183
60,5,1.5,0,0.8,0.15,0,48,0,0.1,3.0,72,0,46,20,26,43.47826086956522,0.9729814840384354,-0.6352259583997351,-0.013809259965211632,-0.9256011600014102,10.008907507218193,9907.43988399986,14,8,6,57.142857142857146,2.1371592490075484,4.067765866039651,0.2905547047171179,4.083376007647921,3.520706612725725,10408.337600764791,0.23530754123283715
60,5,1.5,0,0.8,0.15,0,24,0,0.25,3.0,24,0,42,23,19,54.76190476190476,0.9231648836883062,-0.8801372780849692,-0.020955649478213552,-0.9680547733410982,3.5820678573276252,9903.19452266589,9,5,4,55.55555555555556,1.2231027643765082,0.5279285843682724,0.05865873159647471,0.5060427321335492,2.652161354014279,10050.604273213356,-0.2339007425849957
60,5,3.5,0,0.8,0.15,0,48,0,0.25,3.0,6,0,46,32,14,69.56521739130434,1.9081713876812176,3.9417352335532354,0.08568989638159208,3.9911186403105647,1.3475589396464798,10399.111864031056,9,5,4,55.55555555555556,0.6325016396499313,-0.2746790197228677,-0.03051989108031863,-0.27606512158551144,0.7241027140639575,9972.39348784145,-1.6375808558113842
60,5,3.5,0,0.8,0.15,0,48,0,0.1,3.0,6,0,46,32,14,69.56521739130434,1.9110638139680147,4.039164617892051,0.08780792647591415,4.091287271751387,1.3677949306167168,10409.128727175139,9,5,4,55.55555555555556,0.6247328171626637,-0.28746325380989046,-0.03194036153443228,-0.28888076294948384,0.7423582634304737,9971.111923705052,-1.7963797056554984
60,5,3.5,0,0.8,0.15,0,48,0,0.0,3.0,6,0,46,32,14,69.56521739130434,1.9126230265464423,4.1062085056075865,0.0892654022958171,4.160235703192061,1.3818151042709612,10416.023570319207,9,5,4,55.55555555555556,0.6193311606630685,-0.29657760823974144,-0.03295306758219349,-0.29801583308076696,0.7551978874649358,9970.198416691923,-1.9092948338500655
60,5,1.5,0,0.8,0.15,0,48,0,0.0,3.0,72,0,46,19,27,41.30434782608695,0.9306160652455434,-1.702719112938439,-0.037015632889966066,-1.9865748970754993,10.053384623056004,9801.34251029245,14,8,6,57.142857142857146,1.8084154021979968,3.4866729512600196,0.24904806794714426,3.473286817650978,4.246691337899669,10347.328681765097,-2.1727292157786584
60,2,2.5,1,0.8,0.05,0,12,1,0.25,3.0,6,0,20,12,8,60.0,3.9521111107817095,12.87250737197465,0.6436253685987325,13.51047635220266,3.7392106097322846,11351.047635220266,7,4,3,57.142857142857146,0.8816488282731524,-0.35718758423861807,-0.05102679774837401,-0.3843486459006784,3.7412705136867674,9961.565135409932,-3.355914194944318
60,2,2.5,1,0.8,0.05,0,12,0,0.25,3.0,6,0,20,12,8,60.0,2.5361875409348373,3.7234979734194447,0.18617489867097223,3.7553979450462682,1.636373049301449,10375.539794504626,7,4,3,57.142857142857146,0.6414855887243263,-0.39057681373275766,-0.055796687676108236,-0.39286383060196384,1.501263480127835,9960.713616939804,-4.186935818952275
60,2,2.5,1,0.8,0.05,0,12,0,0.1,3.0,6,0,20,12,8,60.0,2.627926555810008,3.978762286361924,0.19893811431809622,4.017168880099176,1.6670404018934388,10401.716888009918,7,4,3,57.142857142857146,0.6419341771447564,-0.4032915491094044,-0.057613078444200626,-0.405729909205399,1.5579810433468837,9959.42700907946,-4.369517760076173
60,2,2.5,1,0.8,0.05,0,12,0,0.0,3.0,6,0,20,12,8,60.0,2.6944982486823834,4.166350479671745,0.20831752398358727,4.2097625429076135,1.6893200739122691,10420.976254290761,7,4,3,57.142857142857146,0.6422691417883907,-0.41224917456759685,-0.058892739223942406,-0.4147976506229334,1.5985548315552327,9958.520234937707,-4.498150689084212
60,5,3.5,0,0.8,0.15,0,48,0,0.1,3.0,72,0,41,18,23,43.90243902439025,0.8776425884406543,-2.5092060079291665,-0.06120014653485772,-2.6904064726439914,10.008907507218206,9730.959352735601,9,5,4,55.55555555555556,2.824565465808827,2.871951851148925,0.31910576123876944,2.8821110791995563,1.60494058320693,10288.211107919957,-4.735005417738151
60,5,3.5,0,0.8,0.15,0,12,0,0.1,3.0,72,0,28,13,15,46.42857142857143,0.9645580162401256,-0.4428722202597879,-0.01581686500927814,-0.5788484180927256,7.250974441421105,9942.115158190727,4,2,2,50.0,1.310809968806206,0.37189538626514085,0.09297384656628521,0.36117936043458254,1.1509695343089974,10036.117936043458,-4.9266851436894195
60,5,1.5,0,0.8,0.15,0,24,0,0.1,3.0,72,0,38,16,22,42.10526315789474,0.8753661409363436,-2.430983520953517,-0.06397325055140834,-2.630355222065628,9.09865717604582,9736.964477793437,9,5,4,55.55555555555556,1.4766094576983153,1.5249685181639778,0.1694409464626642,1.4902006881395646,3.155393611698349,10149.020068813958,-4.962253694531492
60,5,3.5,0,0.8,0.15,0,24,0,0.0,3.0,24,0,37,20,17,54.054054054054056,0.9102787080196336,-0.8623261422249497,-0.023306111952025668,-0.9346566963303271,4.5692439622694705,9906.534330366967,4,3,1,75.0,1.4956963798444969,0.20589568172608635,0.05147392043152159,0.2038539601956213,0.770434510146942,10020.385396019561,-5.6232646256560574
60,5,3.5,0,0.8,0.15,0,12,0,0.25,3.0,72,0,28,13,15,46.42857142857143,0.9457775089259569,-0.6753543554629406,-0.024119798409390738,-0.8059627334552344,7.186506067628465,9919.403726654476,4,2,2,50.0,1.2952143954503164,0.35278207768770553,0.08819551942192638,0.34216303577414564,1.1491912558654538,10034.216303577414,-5.790671395901458
60,5,3.5,0,0.8,0.15,0,24,0,0.1,3.0,24,0,37,20,17,54.054054054054056,0.903059406676208,-0.925276852533333,-0.02500748250090089,-0.9955990861761355,4.533590601436963,9900.440091382387,4,3,1,75.0,1.5025595834462404,0.20614642130986033,0.05153660532746508,0.20414867698916872,0.7613250675470733,10020.414867698917,-5.805701081580481
60,5,3.5,0,0.8,0.15,0,12,1,0.0,3.0,6,0,31,18,13,58.064516129032256,2.563777903656627,19.337388433001298,0.6237867236452032,20.796449362720004,5.321820255252359,12079.644936272,4,2,2,50.0,0.946074541666497,-0.10953217473777321,-0.027383043684443303,-0.12977842448235188,2.2874779937136975,9987.022157551764,-6.004520709183068
60,5,3.5,0,0.8,0.15,0,24,1,0.0,3.0,6,0,38,22,16,57.89473684210526,2.3213128158586454,20.33795822762929,0.5352094270428761,21.936115617834485,5.321820255252376,12193.611561783448,4,2,2,50.0,0.946074541666497,-0.10953217473777321,-0.027383043684443303,-0.12977842448235188,2.2874779937136975,9987.022157551764,-6.004520709183069
60,5,3.5,0,0.8,0.15,0,24,0,0.25,3.0,24,0,37,20,17,54.054054054054056,0.8922156618971517,-1.018760148645522,-0.027534058071500594,-1.0861531399937174,4.484779913544386,9891.384686000629,4,3,1,75.0,1.512657517215666,0.20643175977764322,0.051607939944410805,0.20449736145602415,0.7480645598199634,10020.449736145601,-6.077117486925009
60,5,1.5,0,0.8,0.15,0,48,1,0.1,3.0,6,0,52,28,24,53.84615384615385,1.940931405060839,21.124788876124132,0.4062459399254641,22.75316525337514,3.8903638009193546,12275.316525337514,16,5,11,31.25,0.8643257673370365,-1.2582900704219537,-0.07864312940137211,-1.3885404177423566,5.369633800432951,9861.145958225765,-6.174518099083493
60,2,2.5,1,0.7,0.05,0,12,1,0.0,3.0,24,0,19,10,9,52.63157894736842,2.3457349540213936,12.322786557231026,0.6485677135384751,12.753274103312172,6.518810075154378,11275.327410331218,4,1,3,25.0,0.9834841681243512,-0.050125297148543746,-0.012531324287135936,-0.10920180213046526,4.8023666343548,9989.079819786954,-6.5163489057307435
60,5,1.5,0,0.8,0.15,0,48,1,0.25,3.0,6,0,52,29,23,55.76923076923077,2.1254149876670345,23.446808557482917,0.4509001645669792,25.635881489221713,3.8823836695616927,12563.588148922172,16,5,11,31.25,0.8555514368349565,-1.3220133347394145,-0.08262583342121341,-1.4494326136836988,5.413745231486397,9855.05673863163,-6.59298384793499
60,2,1.5,1,0.8,0.05,0,12,1,0.1,3.0,6,0,25,14,11,56.0,2.6311269426010444,12.17776398670654,0.4871105594682616,12.688370396982208,5.0325045072369265,11268.83703969822,10,4,6,40.0,0.8595951596539485,-0.8500665123827904,-0.08500665123827904,-0.9343626710860864,7.387632929475693,9906.56373289139,-6.984943253008712
60,2,1.5,1,0.8,0.05,0,24,1,0.1,3.0,6,0,30,15,15,50.0,1.849391335948538,9.164840183094624,0.3054946727698208,9.325998656955337,4.97133650449211,10932.599865695533,10,4,6,40.0,0.8595951596539485,-0.8500665123827904,-0.08500665123827904,-0.9343626710860864,7.387632929475693,9906.56373289139,-6.984943253008712
60,5,3.5,0,0.8,0.15,0,48,0,0.0,3.0,72,0,41,17,24,41.46341463414634,0.8325697368965941,-3.6059101368832813,-0.08794902772886053,-3.7600712025181338,10.283797594274557,9623.992879748186,9,5,4,55.55555555555556,1.9734346724501521,2.2483237650507215,0.24981375167230238,2.2362431599811883,2.0241027210638665,10223.624315998119,-7.516532645449933
60,5,3.5,0,0.8,0.15,0,24,0,0.25,3.0,6,0,38,27,11,71.05263157894737,1.6033739684220352,2.2913309779738587,0.06029818363089102,2.294812847512606,1.2130030108190777,10229.48128475126,4,3,1,75.0,0.6640552128960392,-0.17893662043449798,-0.044734155108624496,-0.18040636848470903,0.6605415090156935,9981.959363151529,-8.057141474476106
60,5,3.5,0,0.8,0.15,0,12,0,0.25,3.0,6,0,31,22,9,70.96774193548387,1.8321988532795288,2.5485356260433605,0.08221082664656001,2.5604695794322785,1.3647401666157777,10256.046957943228,4,3,1,75.0,0.6640552128960392,-0.17893662043449798,-0.044734155108624496,-0.18040636848470903,0.6605415090156935,9981.959363151529,-8.066245703823908
60,5,1.5,0,0.8,0.15,0,24,0,0.0,3.0,72,0,38,15,23,39.473684210526315,0.8246064467461311,-3.6016383771327867,-0.09477995729296806,-3.7709269935643497,9.143559069418407,9622.907300643565,9,5,4,55.55555555555556,1.4941660151227476,1.5817576248768432,0.17575084720853815,1.5470746227559617,3.170927036405639,10154.707462275597,-8.147137870670242
60,5,3.5,0,0.8,0.15,0,24,0,0.1,3.0,6,0,38,27,11,71.05263157894737,1.6112129668265882,2.3662809283854167,0.06227055074698465,2.3705824736940384,1.2410798266393448,10237.058247369405,4,3,1,75.0,0.6592301653748486,-0.18489770622602614,-0.046224426556506534,-0.18641487348523,0.6727739056505333,9981.358512651477,-8.217503323255908
60,5,3.5,0,0.8,0.15,0,12,0,0.1,3.0,6,0,31,22,9,70.96774193548387,1.8379343038336229,2.6198475409929056,0.08451121099977114,2.6327639478666676,1.399410121615742,10263.276394786666,4,3,1,75.0,0.6592301653748486,-0.18489770622602614,-0.046224426556506534,-0.18641487348523,0.6727739056505333,9981.358512651477,-8.22700314095449
60,5,3.5,0,0.8,0.15,0,24,0,0.0,3.0,6,0,38,27,11,71.05263157894737,1.6163073941985249,2.4181714189445525,0.06363608997222507,2.4230469662042564,1.2615147194305647,10242.304696620426,4,3,1,75.0,0.655958436302572,-0.1890273052443462,-0.04725682631108655,-0.19057738965261306,0.6811845012972976,9980.94226103474,-8.328512850425936
60,5,3.5,0,0.8,0.15,0,12,0,0.0,3.0,6,0,31,22,9,70.96774193548387,1.841374246559812,2.6688994057330993,0.08609352921719675,2.6824911427976827,1.424638784165781,10268.249114279768,4,3,1,75.0,0.655958436302572,-0.1890273052443462,-0.04725682631108655,-0.19057738965261306,0.6811845012972976,9980.94226103474,-8.338300294310049
60,2,2.5,1,0.7,0.05,0,12,1,0.0,3.0,72,0,18,8,10,44.44444444444444,2.286237747528311,13.048190733501377,0.724899485194521,13.50110594513707,6.518810075154375,11350.110594513706,4,1,3,25.0,0.9834841681243512,-0.050125297148543746,-0.012531324287135936,-0.10920180213046526,4.8023666343548,9989.079819786954,-8.516348905730744
60,5,3.5,0,0.8,0.15,0,12,0,0.0,3.0,72,0,28,12,16,42.857142857142854,0.8784084180426793,-1.6445333698495537,-0.05873333463748406,-1.7733713866562861,7.296718141249076,9822.662861334371,4,2,2,50.0,1.3214301950877487,0.3849358260189859,0.09623395650474648,0.3741545458451734,1.1521788771663837,10037.415454584518,-9.393375924894581
60,5,1.5,0,0.8,0.15,0,12,1,0.0,3.0,6,0,36,19,17,52.77777777777778,2.111130228644367,18.24672386875757,0.5068534407988214,19.409892230029936,5.321820255252368,11940.989223002995,9,3,6,33.333333333333336,0.8076231914576932,-1.1681204933138196,-0.12979116592375772,-1.2447939365228367,4.690478432531093,9875.520606347716,-11.452920915476124
60,5,3.5,0,0.8,0.15,0,24,0,0.25,3.0,72,0,34,15,19,44.11764705882353,0.8153663530522028,-3.039244120332568,-0.08938953295095788,-3.1537591027493206,7.6182472246080195,9684.624089725068,4,2,2,50.0,1.2952143954503164,0.35278207768770553,0.08819551942192638,0.34216303577414564,1.1491912558654538,10034.216303577414,-12.604371631224453
60,2,1.5,1,0.8,0.05,0,24,0,0.0,3.0,72,0,27,10,17,37.03703703703704,1.0438705724462503,0.7254726581262068,0.02686935770837803,0.4397656211516221,6.438455740262988,10043.976562115162,8,2,6,25.0,0.6304340416563903,-1.3268834943205843,-0.16586043679007303,-1.356153253505632,4.0876093058319025,9864.384674649436,-15.49176048237668
60,2,1.5,1,0.8,0.05,0,12,0,0.0,3.0,72,0,24,8,16,33.333333333333336,0.9281061821640327,-1.1169305848755287,-0.04653877436981369,-1.3559798976451543,6.668882919980179,9864.402010235484,8,2,6,25.0,0.6304340416563903,-1.3268834943205843,-0.16586043679007303,-1.356153253505632,4.0876093058319025,9864.384674649436,-15.50558611315971
60,2,1.5,1,0.8,0.05,0,24,0,0.1,3.0,72,0,27,10,17,37.03703703703704,1.0365293984753683,0.6037132286664542,0.022359749209868673,0.31993694951619744,6.4895638175976185,10031.99369495162,8,2,6,25.0,0.6158362407845672,-1.374888480250576,-0.171861060031322,-1.4023151400307743,4.0465248244338605,9859.768485996923,-16.124084892885303
60,2,1.5,1,0.8,0.05,0,12,0,0.1,3.0,72,0,24,8,16,33.333333333333336,0.9233672976618548,-1.1897967240361647,-0.04957486350150686,-1.426575418604148,6.640362815951552,9857.342458139585,8,2,6,25.0,0.6158362407845672,-1.374888480250576,-0.171861060031322,-1.4023151400307743,4.0465248244338605,9859.768485996923,-16.13313283278654
60,5,1.5,0,0.8,0.15,0,24,1,0.0,3.0,6,0,43,23,20,53.48837209302326,1.989670205224546,19.247293663385566,0.44761148054385036,20.536476872371345,5.321820255252372,12053.647687237135,10,3,7,30.0,0.7313510866177902,-1.8013698365829993,-0.18013698365829994,-1.870160630363915,5.294025351930072,9812.983936963608,-16.630515880629723
60,2,1.5,1,0.8,0.05,0,24,0,0.25,3.0,72,0,27,11,16,40.74074074074074,1.1404284740540074,2.178288573266853,0.080677354565439,1.9177713486211,6.563066265529397,10191.77713486211,8,2,6,25.0,0.5952086117499742,-1.4420820289319372,-0.18026025361649214,-1.4669373668124153,3.9908240941792954,9853.306263318758,-17.00966965634741
60,2,1.5,1,0.8,0.05,0,12,0,0.25,3.0,72,0,24,9,15,37.5,1.0313581051329814,0.4550353965432352,0.01895980818930147,0.21225731745460052,6.602979288965962,10021.22573174546,8,2,6,25.0,0.5952086117499742,-1.4420820289319372,-0.18026025361649214,-1.4669373668124153,3.9908240941792954,9853.306263318758,-17.0120644377536
60,2,1.5,1,0.8,0.05,0,12,0,0.25,3.0,6,0,25,16,9,64.0,2.973708751638292,6.182928642948433,0.2473171457179373,6.315638289627223,1.6363730493014563,10631.563828962722,10,5,5,50.0,0.3131927557305216,-1.9469347246082664,-0.19469347246082663,-1.9389650903168687,3.017592104600209,9806.103490968313,-18.784227733617797
60,2,1.5,1,0.8,0.05,0,24,0,0.25,3.0,6,0,30,17,13,56.666666666666664,2.2440536710343486,5.22182539784003,0.17406084659466767,5.29625122955617,1.636373049301452,10529.625122955616,10,5,5,50.0,0.3131927557305216,-1.9469347246082664,-0.19469347246082663,-1.9389650903168687,3.017592104600209,9806.103490968313,-18.784227733617797
60,2,1.5,1,0.8,0.05,0,12,0,0.1,3.0,6,0,25,16,9,64.0,3.0538911027537403,6.537314409462189,0.26149257637848755,6.687780280578237,1.6670404018934513,10668.778028057823,10,5,5,50.0,0.3176241711189964,-1.9834996051783411,-0.1983499605178341,-1.9752985404450585,3.0928517013887062,9802.470145955494,-19.145529284348903
60,2,1.5,1,0.8,0.05,0,24,0,0.1,3.0,6,0,30,17,13,56.666666666666664,2.3039319888396106,5.561409071381671,0.18538030237938902,5.64911686848093,1.6670404018934648,10564.911686848092,10,5,5,50.0,0.3176241711189964,-1.9834996051783411,-0.1983499605178341,-1.9752985404450585,3.0928517013887062,9802.470145955494,-19.145529284348903
60,2,1.5,1,0.8,0.05,0,24,0,0.0,3.0,6,0,30,17,13,56.666666666666664,2.3471075451500907,5.810420013826426,0.19368066712754753,5.908414677499474,1.689320073912274,10590.841467749948,10,5,5,50.0,0.3207003345369178,-2.0094782902866686,-0.20094782902866687,-2.0011194031822055,3.146349613659389,9799.88805968178,-19.402373683332577
60,2,1.5,1,0.8,0.05,0,12,0,0.0,3.0,6,0,25,16,9,64.0,3.1113275924863126,6.796482618393376,0.27185930473573505,6.960539156834256,1.6893200739122476,10696.053915683426,10,5,5,50.0,0.3207003345369178,-2.0094782902866686,-0.20094782902866687,-2.0011194031822055,3.146349613659389,9799.88805968178,-19.402373683332577
60,2,1.5,1,0.8,0.05,0,24,1,0.25,3.0,72,0,29,15,14,51.724137931034484,3.017705819681288,28.462543642392497,0.9814670221514654,32.03025699322532,3.7654013529406107,13203.025699322532,10,2,8,20.0,0.7428346406327254,-2.0725188025497916,-0.20725188025497915,-2.1771853755382486,9.552849286591119,9782.281462446175,-19.572900174148092
60,2,1.5,1,0.8,0.05,0,24,1,0.25,3.0,24,0,30,16,14,53.333333333333336,2.652600386382019,22.709986475901186,0.7569995491967062,24.823102740822243,3.570900245422913,12482.310274082225,10,2,8,20.0,0.7428346406327254,-2.0725188025497916,-0.20725188025497915,-2.1771853755382486,9.552849286591119,9782.281462446175,-19.572900174148092
60,2,1.5,1,0.8,0.05,0,12,1,0.25,3.0,24,0,25,14,11,56.0,3.194910356818133,23.531061359444156,0.9412424543777662,25.887123004636294,3.6386355537474055,12588.712300463629,10,2,8,20.0,0.7428346406327254,-2.0725188025497916,-0.20725188025497915,-2.1771853755382486,9.552849286591119,9782.281462446175,-19.572900174148092
60,2,1.5,1,0.8,0.05,0,12,1,0.25,3.0,72,0,24,13,11,54.166666666666664,3.2994713273229532,25.49000166779278,1.062083402824699,28.29591598941985,3.8330000366101196,12829.591598941985,10,2,8,20.0,0.7428346406327254,-2.0725188025497916,-0.20725188025497915,-2.1771853755382486,9.552849286591119,9782.281462446175,-19.572900174148092
60,5,3.5,0,0.8,0.15,0,24,0,0.1,3.0,72,0,34,14,20,41.1764705882353,0.6968182099713278,-5.306611899951497,-0.15607682058680872,-5.322722314837414,9.403225126615688,9467.727768516259,4,2,2,50.0,1.310809968806206,0.37189538626514085,0.09297384656628521,0.36117936043458254,1.1509695343089974,10036.117936043458,-19.61729535509175
60,2,1.5,1,0.8,0.05,0,24,1,0.1,3.0,24,0,30,15,15,50.0,2.2933709670683844,19.157788490523114,0.6385929496841037,20.503767337851354,3.728861920789332,12050.376733785135,10,2,8,20.0,0.7412484463328279,-2.0888476595971097,-0.20888476595971098,-2.193219584975248,10.105273899984384,9780.678041502475,-19.77250661002467
60,2,1.5,1,0.8,0.05,0,12,1,0.1,3.0,24,0,25,13,12,52.0,2.68001547146992,19.805134805148963,0.7922053922059585,21.322573038297655,3.7288619207893454,12132.257303829765,10,2,8,20.0,0.7412484463328279,-2.0888476595971097,-0.20888476595971098,-2.193219584975248,10.105273899984384,9780.678041502475,-19.77250661002467
60,2,1.5,1,0.8,0.05,0,12,1,0.1,3.0,72,0,25,12,13,48.0,2.5707427439834585,20.61840945660353,0.8247363782641411,22.232876586890214,3.8786296168500205,12223.287658689022,10,2,8,20.0,0.7412484463328279,-2.0888476595971097,-0.20888476595971098,-2.193219584975248,10.105273899984384,9780.678041502475,-19.77250661002467
60,2,1.5,1,0.8,0.05,0,24,1,0.1,3.0,72,0,30,14,16,46.666666666666664,2.460546071823738,23.588059758545413,0.7862686586181804,25.78708915249166,3.816718410105799,12578.708915249166,10,2,8,20.0,0.7412484463328279,-2.0888476595971097,-0.20888476595971098,-2.193219584975248,10.105273899984384,9780.678041502475,-19.77250661002467
60,5,3.5,0,0.8,0.15,0,24,0,0.0,3.0,72,0,34,13,21,38.23529411764706,0.6489128266751066,-6.5065525486939455,-0.19136919260864546,-6.4586432792126836,10.57196545254802,9354.135672078732,4,2,2,50.0,1.3214301950877487,0.3849358260189859,0.09623395650474648,0.3741545458451734,1.1521788771663837,10037.415454584518,-23.312467743423802
60,5,3.5,0,0.8,0.15,0,48,1,0.0,3.0,6,0,46,26,20,56.52173913043478,2.30481151507044,24.511241123004755,0.5328530678914077,26.991777419167207,3.783982013448406,12699.177741916721,9,3,6,33.333333333333336,0.4658942675604065,-2.524299561113046,-0.28047772901256063,-2.5241156164894307,4.259942504131577,9747.588438351057,-27.14132240708374
30,3,2.5,1,0.7,0.05,0,48,0,0.25,3.0,72,0,53,21,32,39.62264150943396,1.6129548290581537,18.599139243561126,0.35092715553888915,19.48299500037356,6.310710294455271,11948.299500037356,18,4,14,22.22222222222222,0.5810987241090417,-5.158759714121945,-0.2865977618956636,-5.167621577717451,10.109506496435074,9483.237842228255,-27.809705233217738
60,2,2.5,1,0.7,0.05,0,12,0,0.0,3.0,6,0,20,15,5,75.0,4.831684768380062,5.925175996832866,0.2962587998416433,6.059190915861601,1.570374832396605,10605.91909158616,4,2,2,50.0,0.5093954060850229,-0.9853913429927147,-0.24634783574817867,-0.994293150636727,1.548933993812868,9900.570684936327,-28.549271461348205
60,2,2.5,1,0.7,0.05,0,12,0,0.1,3.0,6,0,20,15,5,75.0,4.713911130435376,5.682210543526479,0.28411052717632396,5.805051675202599,1.5499507458960848,10580.50516752026,4,2,2,50.0,0.48835880386857616,-1.0273900451578344,-0.2568475112894586,-1.0355447455734024,1.5169395904538565,9896.44552544266,-29.64008677471906
60,2,2.5,1,0.7,0.05,0,12,0,0.25,3.0,6,0,20,15,5,75.0,4.551445172347723,5.353224370837396,0.2676612185418698,5.461618558877679,1.521975526439859,10546.161855887769,4,2,2,50.0,0.45994061877361325,-1.0841118839226438,-0.27102797098066095,-1.0912548603649874,1.4852979235885793,9890.874513963501,-31.11329060086185
30,3,2.5,1,0.7,0.05,0,48,0,0.25,3.0,24,0,57,31,26,54.3859649122807,1.7977910777452761,18.660985442099737,0.3273857095105217,19.877900770517343,6.169156161665289,11987.790077051735,18,4,14,22.22222222222222,0.47361662789865994,-5.832779532227072,-0.32404330734594844,-5.771491762628134,9.03971293020293,9422.850823737186,-31.705036356693057
60,2,2.5,1,0.7,0.05,0,12,0,0.0,3.0,72,0,17,8,9,47.05882352941177,2.6494362633388238,12.016083196011978,0.7068284232948222,12.445113392078255,3.7516810865425603,11244.511339207826,4,1,3,25.0,0.7056426672197519,-0.8866472055412191,-0.22166180138530478,-0.9198874905556709,3.2531120358419487,9908.011250944433,-31.819051878040117
60,5,1.5,0,0.8,0.15,0,48,1,0.0,3.0,6,0,52,28,24,53.84615384615385,2.034603799913646,23.631620537965777,0.4544542411147265,25.799039640923517,3.898731421410061,12579.903964092351,16,4,12,25.0,0.4981314673086069,-5.223088563573981,-0.3264430352233738,-5.187203124921147,8.751077638198579,9481.279687507886,-31.889783911606465
60,2,1.5,1,0.8,0.05,0,24,1,0.25,3.0,6,0,30,16,14,53.333333333333336,2.2148743016067596,11.738714811720435,0.3912904937240145,12.166115762143793,3.671545998646946,11216.61157621438,10,4,6,40.0,0.4401772174188606,-3.384094133324636,-0.3384094133324636,-3.3693005767220674,7.15547479500873,9663.069942327793,-33.15012585882933
60,2,1.5,1,0.8,0.05,0,12,1,0.25,3.0,6,0,25,15,10,60.0,3.3172661203081804,14.74743934485847,0.5898975737943388,15.610801068978342,3.739210609732298,11561.080106897834,10,4,6,40.0,0.4401772174188606,-3.384094133324636,-0.3384094133324636,-3.3693005767220674,7.15547479500873,9663.069942327793,-33.15012585882933
60,2,2.5,1,0.7,0.05,0,12,0,0.1,3.0,72,0,17,8,9,47.05882352941177,2.6500160966981143,11.96554170270528,0.7038553942767812,12.390013710617742,3.623356258402932,11239.001371061773,4,1,3,25.0,0.6871868661564768,-0.9420329679049437,-0.23550824197623593,-0.9736018235412147,3.233139507929822,9902.639817645879,-33.23290804957141
60,2,2.5,1,0.7,0.05,0,12,0,0.25,3.0,72,0,17,8,9,47.05882352941177,2.6509305892238797,11.893609700717832,0.6996241000422254,12.311588533821283,3.4519405745181286,11231.158853382129,4,1,3,25.0,0.661229055657709,-1.01991602796793,-0.2549790069919825,-1.0491379028573111,3.207981080919464,9895.086209714269,-35.22161523111051
30,3,2.5,1,0.7,0.05,0,48,0,0.0,3.0,24,0,57,31,26,54.3859649122807,1.8002800502828253,19.388966063077284,0.34015729935223304,20.722405846985524,7.168468022026447,12072.240584698553,18,3,15,16.666666666666668,0.40263039736011563,-7.24646315797276,-0.4025812865540422,-7.099156179048949,9.12681912379511,9290.084382095105,-39.70603311019505
30,3,2.5,1,0.7,0.05,0,48,0,0.1,3.0,24,0,57,31,26,54.3859649122807,1.8355934975283759,19.556990605861184,0.34310509834844183,20.942266743062344,6.305982959755823,12094.226674306234,18,3,15,16.666666666666668,0.40126184931492587,-7.25122707431087,-0.40284594857282613,-7.1031354867701175,9.102233269199518,9289.686451322988,-39.73376125688809
30,3,2.5,1,0.7,0.05,0,48,0,0.0,3.0,72,0,53,21,32,39.62264150943396,1.6723715616315618,20.418941490577993,0.3852630469920376,21.62828188921204,6.397959744431296,12162.828188921205,18,3,15,16.666666666666668,0.43074392834906056,-7.586847345208565,-0.4214915191782536,-7.4388257548552055,10.162361941237998,9256.11742451448,-41.602961879684884
30,3,2.5,1,0.7,0.05,0,48,0,0.1,3.0,72,0,53,21,32,39.62264150943396,1.6637291660672349,20.149697570433037,0.38018297302703846,21.307743635318175,6.3617793374648235,12130.774363531818,18,3,15,16.666666666666668,0.4282618063149237,-7.617426432461223,-0.4231903573589568,-7.466315336658679,10.151851256119494,9253.368466334132,-41.777179300716355
30,3,2.5,1,0.7,0.05,0,48,0,0.25,3.0,6,0,60,32,28,53.333333333333336,1.2785547673542164,4.547389444312963,0.07578982407188271,4.446702270347003,4.065807207819576,10444.6702270347,18,1,17,5.555555555555555,0.018195878128460064,-9.079493623042701,-0.5044163123912612,-8.713715161600188,9.10631899126869,9128.62848383998,-50.65717472442868
30,3,2.5,1,0.7,0.05,0,48,0,0.1,3.0,6,0,60,32,28,53.333333333333336,1.3102981537128422,5.103247659158772,0.0850541276526462,5.0217743885733634,4.012085618347655,10502.177438857336,18,1,17,5.555555555555555,0.018479618112150136,-9.22709015217994,-0.5126161195655522,-8.849078925048836,9.263535272075844,9115.092107495117,-51.48602093873883
30,3,2.5,1,0.7,0.05,0,48,0,0.0,3.0,6,0,60,32,28,53.333333333333336,1.2831903860376415,4.8630060188327775,0.08105010031387963,4.759873735635822,3.9727005834598823,10475.987373563583,18,1,17,5.555555555555555,0.01865984022551441,-9.33800478132707,-0.5187780434070595,-8.95070644064041,9.381806067781934,9104.92935593596,-52.10894912640519
60,2,2.5,1,0.7,0.05,0,12,0,0.0,3.0,24,0,19,15,4,78.94736842105263,8.057883847016988,18.404678305548394,0.9686672792393892,19.94493114320701,2.273381700548188,11994.493114320701,4,1,3,25.0,0.12914316250108687,-2.623147771118434,-0.6557869427796085,-2.604605545959293,3.2531120358419487,9739.53944540407,-72.35465088386579
60,2,2.5,1,0.7,0.05,0,12,0,0.1,3.0,24,0,19,15,4,78.94736842105263,7.932081398630865,17.961080160326876,0.9453200084382566,19.423655291324483,2.264512564817915,11942.365529132449,4,1,3,25.0,0.1257654748604102,-2.632746695265618,-0.6581866738164045,-2.6139093070821406,3.233139507929803,9738.609069291786,-72.60018101115202
60,2,2.5,1,0.7,0.05,0,12,0,0.25,3.0,24,0,19,15,4,78.94736842105263,7.758416458862447,17.35363656619428,0.9133492929575936,18.71280967505711,2.2522440649417548,11871.28096750571,4,1,3,25.0,0.12101480728439354,-2.6463045351708807,-0.6615761337927202,-2.6270515092145064,3.2079810809194953,9737.29484907855,-72.94711883831499
30,3,2.5,1,0.7,0.05,0,48,1,0.25,3.0,6,0,61,28,33,45.90163934426229,1.5266258017833054,16.5674115406345,0.2715969105022049,17.191785682641523,6.004501466357632,11719.178568264153,18,0,18,0.0,0.0,-16.54792898503317,-0.9193293880573984,-15.321032541235812,16.054518678066124,8467.896745876418,-92.60176602850716
30,3,2.5,1,0.7,0.05,0,48,1,0.1,3.0,6,0,61,25,36,40.98360655737705,1.3148854456298935,10.927514152582738,0.17913957627184815,10.760857871578299,5.946109121094466,11076.08578715783,18,0,18,0.0,0.0,-16.61172957394808,-0.9228738652193377,-15.37527826307934,16.1756162735751,8462.472173692066,-92.96347960043163
30,3,2.5,1,0.7,0.05,0,48,1,0.25,3.0,72,0,58,23,35,39.6551724137931,1.8656079889678285,30.61210248577786,0.5277948704444458,34.290800635684974,7.905494354741362,13429.080063568497,18,0,18,0.0,0.0,-18.13817722941676,-1.0076765127453755,-16.665024702979604,17.386869228578323,8333.49752970204,-101.51641953033561
30,3,2.5,1,0.7,0.05,0,48,1,0.25,3.0,24,0,59,24,35,40.67796610169491,1.8242589990577645,29.149801383035484,0.49406443022094043,32.400889137700695,7.90549435474137,13240.088913770069,18,0,18,0.0,0.0,-18.13817722941676,-1.0076765127453755,-16.665024702979604,17.386869228578323,8333.49752970204,-101.51641953033561
30,3,2.5,1,0.7,0.05,0,48,1,0.1,3.0,72,0,58,22,36,37.93103448275862,1.731633838643804,26.65158993105744,0.45951017122512827,29.123658262833473,8.007613515420669,12912.365826283347,18,0,18,0.0,0.0,-18.156601631081145,-1.0087000906156192,-16.680534330941864,17.46852788673101,8331.946566905814,-101.62367683684913
30,3,2.5,1,0.7,0.05,0,48,1,0.1,3.0,24,0,59,23,36,38.983050847457626,1.7093476876281013,25.83976121751252,0.4379620545341105,28.1180911029129,8.007613515420644,12811.80911029129,18,0,18,0.0,0.0,-18.156601631081145,-1.0087000906156192,-16.680534330941864,17.46852788673101,8331.946566905814,-101.62367683684913
30,3,2.5,1,0.7,0.05,0,48,1,0.0,3.0,6,0,61,25,36,40.98360655737705,1.3614377130958515,12.918712979024123,0.21178217998400203,12.919923154997171,6.642728775958739,11291.992315499718,18,0,18,0.0,0.0,-18.172218797126153,-1.009567710951453,-16.693678812366564,17.532934024749267,8330.632118763344,-101.7143032387136
30,3,2.5,1,0.7,0.05,0,48,1,0.0,3.0,24,0,59,22,37,37.28813559322034,1.5871526773710134,22.0130844277138,0.37310312589345423,23.35067462883982,8.125987200065103,12335.067462883982,18,0,18,0.0,0.0,-18.172218797126153,-1.009567710951453,-16.693678812366564,17.532934024749267,8330.632118763344,-101.7143032387136
30,3,2.5,1,0.7,0.05,0,48,1,0.0,3.0,72,0,58,21,37,36.206896551724135,1.6044863069437836,22.662943767421794,0.3907404097831344,24.120824309064083,8.12598720006507,12412.082430906408,18,0,18,0.0,0.0,-18.172218797126153,-1.009567710951453,-16.693678812366564,17.532934024749267,8330.632118763344,-101.7143032387136
60,2,2.5,1,0.7,0.05,0,12,1,0.25,3.0,24,0,19,11,8,57.89473684210526,2.950777620184447,15.789585124434133,0.8310307960228491,16.695389426642528,4.601656265633922,11669.538942664252,4,0,4,0.0,0.0,-4.033754409344319,-1.0084386023360798,-3.9731467014321287,5.461145837298632,9602.685329856788,-108.01058519260249
60,2,2.5,1,0.7,0.05,0,12,1,0.1,3.0,24,0,19,11,8,57.89473684210526,2.98338895643166,16.094776230498823,0.8470934858157275,17.046826649805723,4.912350163326447,11704.682664980572,4,0,4,0.0,0.0,-4.041781906712373,-1.0104454766780933,-3.980933576214485,6.008360048078092,9601.906642378552,-108.2441054794506
60,2,2.5,1,0.7,0.05,0,12,1,0.25,3.0,72,0,18,9,9,50.0,2.8676560948778147,16.965677819297053,0.942537656627614,17.993940584300816,5.563769073216319,11799.394058430082,4,0,4,0.0,0.0,-4.033754409344319,-1.0084386023360798,-3.9731467014321287,5.461145837298632,9602.685329856788,-110.01674258675754
60,2,2.5,1,0.7,0.05,0,12,1,0.1,3.0,72,0,18,9,9,50.0,2.8695510407424822,17.01924662321229,0.9455137012895717,18.055217335979833,4.9123501633264475,11805.521733597983,4,0,4,0.0,0.0,-4.041781906712373,-1.0104454766780933,-3.980933576214485,6.008360048078092,9601.906642378552,-110.2441054794506
