policy,bot,symbol,timeframe,month,opened_at,closed_at,direction,entry,stop_loss,final_rr,exit_price,result,r_multiple,setup_score,atr,spread_r,spread_points,atr_percentile,session_metric,stop_mode,rr_mode,entry_model,balance_before,risk_amount,pnl,balance_after
dynamic_score,LTA,GBPJPY,M30,2025-06,2025-06-25 00:00:00,2025-06-25 11:00:00,BUY,197.343,197.01126,3.0,198.33822,win,1.9337,92,0.164929,0.0663,22.0,0.0833,,"max(structure,0.80ATR)",score,Entry Model 1 - Double Wick Confirmation,300.0,15.0,29.01,329.01
dynamic_score,ORB,GBPUSD,M15,2025-06,2025-06-25 23:30:00,2025-06-26 05:00:00,BUY,1.36794,1.36624,4.0,1.36964,trail_stop,0.9412,95,0.00136,0.0588,10.0,0.3125,2.4286,"max(structure,1.25ATR)",score,ORB 15m breakout,329.01,16.45,15.48,344.49
dynamic_score,LTA,GBPJPY,M30,2025-06,2025-06-26 04:30:00,2025-06-26 10:00:00,SELL,198.352,198.6176,3.0,198.0864,trail_stop,0.9172,93,0.170643,0.0828,22.0,0.3438,,"max(structure,0.80ATR)",score,Entry Model 1 - Double Wick Confirmation,344.49,17.22,15.8,360.29
dynamic_score,LTA,GBPJPY,M30,2025-07,2025-07-02 00:00:00,2025-07-02 11:30:00,BUY,197.338,196.96081,3.0,196.96081,loss,-1.0583,94,0.154571,0.0583,22.0,0.0625,,"max(structure,0.80ATR)",score,Entry Model 1 - Double Wick Confirmation,360.29,18.01,-19.06,341.22
dynamic_score,LTA,AUDUSD,M30,2025-07,2025-07-02 03:00:00,2025-07-02 07:00:00,BUY,0.65742,0.6564,5.0,0.6564,loss,-1.0882,97,0.00048,0.0882,9.0,0.0729,,"max(structure,0.80ATR)",score,Entry Model 1 - Double Wick Confirmation,341.22,17.06,-18.57,322.66
dynamic_score,LTA,AUDUSD,M30,2025-07,2025-07-03 06:00:00,2025-07-03 09:30:00,BUY,0.65724,0.65613,5.0,0.65724,trail_stop,0.4189,96,0.000598,0.0811,9.0,0.4583,,"max(structure,0.80ATR)",score,Entry Model 3 - Confirmation of Internal Structure,322.66,16.13,6.76,329.41
dynamic_score,LTA,GBPJPY,M30,2025-07,2025-07-04 00:00:00,2025-07-04 19:30:00,SELL,197.621,197.90263,3.0,197.33937,trail_stop,0.9219,90,0.124214,0.0781,22.0,0.0208,,"max(structure,0.80ATR)",score,Entry Model 1 - Double Wick Confirmation,329.41,16.47,15.18,344.6
dynamic_score,LTA,AUDUSD,M30,2025-07,2025-07-04 01:30:00,2025-07-07 02:30:00,SELL,0.65654,0.65792,3.0,0.6524,win,1.9348,92,0.000467,0.0652,9.0,0.1771,,"max(structure,0.80ATR)",score,Entry Model 1 - Double Wick Confirmation + Entry Model 3 - Confirmation of Internal Structure,344.6,17.23,33.34,377.94
dynamic_score,LTA,AUDUSD,M30,2025-07,2025-07-09 01:30:00,2025-07-09 02:30:00,BUY,0.65306,0.65185,3.0,0.65185,loss,-1.0744,92,0.000495,0.0744,9.0,0.0417,,"max(structure,0.80ATR)",score,Entry Model 1 - Double Wick Confirmation,377.94,18.9,-20.3,357.63
dynamic_score,LTA,GBPJPY,M15,2025-07,2025-07-09 01:45:00,2025-07-09 07:15:00,BUY,199.531,199.30391,5.0,199.531,trail_stop,0.4031,96,0.140571,0.0969,22.0,0.6042,,"max(structure,1.00ATR)",score,Entry Model 1 - Double Wick Confirmation,357.63,17.88,7.21,364.84
dynamic_score,LTA,AUDUSD,M30,2025-07,2025-07-09 06:00:00,2025-07-09 14:00:00,SELL,0.65256,0.65452,5.0,0.65452,loss,-1.0459,97,0.000926,0.0459,9.0,0.7188,,"max(structure,1.00ATR)",score,Entry Model 1 - Double Wick Confirmation + Entry Model 3 - Confirmation of Internal Structure,364.84,18.24,-19.08,345.76
dynamic_score,LTA,GBPJPY,M15,2025-07,2025-07-11 00:15:00,2025-07-11 00:45:00,SELL,198.388,198.71816,3.0,198.71816,loss,-1.0666,94,0.121071,0.0666,22.0,0.4167,,"max(structure,0.80ATR)",score,Entry Model 1 - Double Wick Confirmation + Entry Model 3 - Confirmation of Internal Structure,345.76,17.29,-18.44,327.32
dynamic_score,LTA,GBPJPY,M15,2025-07,2025-07-11 04:00:00,2025-07-11 05:15:00,BUY,199.381,199.14701,4.0,199.14701,loss,-1.094,96,0.166571,0.094,22.0,0.9167,,"max(structure,1.25ATR)",score,Entry Model 1 - Double Wick Confirmation,327.32,16.37,-17.9,309.42
dynamic_score,LTA,AUDUSD,M30,2025-07,2025-07-15 00:00:00,2025-07-15 13:30:00,BUY,0.65516,0.65385,3.0,0.65516,trail_stop,0.4313,91,0.000423,0.0687,9.0,0.0312,,"max(structure,0.80ATR)",score,Entry Model 3 - Confirmation of Internal Structure,309.42,15.47,6.67,316.09
dynamic_score,LTA,GBPJPY,M15,2025-07,2025-07-17 03:15:00,2025-07-17 13:00:00,BUY,198.902,198.66135,6.0,199.14265,trail_stop,0.9086,100,0.131,0.0914,22.0,0.4688,,"max(structure,0.80ATR)",score,Entry Model 2 - Internal Swing Confirmation,316.09,15.8,14.36,330.45
dynamic_score,LTA,GBPJPY,M30,2025-07,2025-07-23 00:00:00,2025-07-23 02:00:00,SELL,197.766,198.695,3.0,198.695,loss,-1.0237,90,0.22,0.0237,22.0,0.7812,,"max(structure,1.00ATR)",score,Entry Model 3 - Confirmation of Internal Structure,330.45,16.52,-16.91,313.54
dynamic_score,LTA,GBPJPY,M30,2025-07,2025-07-23 03:00:00,2025-07-23 15:00:00,SELL,198.631,199.081625,5.0,198.631,trail_stop,0.4512,99,0.3605,0.0488,22.0,1.0,,"max(structure,1.25ATR)",score,Entry Model 1 - Double Wick Confirmation,313.54,15.68,7.07,320.61
dynamic_score,LTA,GBPJPY,M30,2025-07,2025-07-24 03:00:00,2025-07-24 16:30:00,BUY,198.374,198.09409,3.0,198.374,trail_stop,0.4214,93,0.206071,0.0786,22.0,0.4375,,"max(structure,0.80ATR)",score,Entry Model 1 - Double Wick Confirmation,320.61,16.03,6.76,327.36
dynamic_score,LTA,AUDUSD,M15,2025-07,2025-07-24 06:00:00,2025-07-24 14:00:00,SELL,0.66153,0.66252,5.0,0.66153,trail_stop,0.4091,95,0.000428,0.0909,9.0,0.5208,,"max(structure,0.80ATR)",score,Entry Model 3 - Confirmation of Internal Structure,327.36,16.37,6.7,334.06
dynamic_score,LTA,AUDUSD,M15,2025-07,2025-07-28 06:00:00,2025-07-28 07:30:00,SELL,0.65591,0.65682,3.0,0.65318,win,1.9011,90,0.000401,0.0989,9.0,0.3229,,"max(structure,0.80ATR)",score,Entry Model 1 - Double Wick Confirmation,334.06,16.7,31.75,365.81
dynamic_score,LTA,GBPJPY,M15,2025-07,2025-07-31 05:45:00,2025-07-31 06:30:00,SELL,197.346,197.61504,4.0,197.61504,loss,-1.0818,95,0.173571,0.0818,22.0,0.8854,,"max(structure,1.25ATR)",score,Entry Model 1 - Double Wick Confirmation + Entry Model 3 - Confirmation of Internal Structure,365.81,18.29,-19.79,346.03
dynamic_score,ORB,USDCHF,M15,2025-07,2025-07-31 23:15:00,2025-08-01 11:00:00,BUY,0.8133,0.811463,4.0,0.815137,trail_stop,0.9347,95,0.00147,0.0653,12.0,0.4167,3.3573,"max(structure,1.25ATR)",score,ORB 15m breakout,346.03,17.3,16.17,362.2
dynamic_score,ORB,AUDUSD,M15,2025-08,2025-08-01 00:00:00,2025-08-01 01:00:00,SELL,0.6425,0.643463,4.0,0.643463,loss,-1.0935,95,0.00077,0.0935,9.0,0.2604,2.0263,"max(structure,1.25ATR)",score,ORB 15m breakout,362.2,18.11,-19.8,342.4
dynamic_score,ORB,USDCAD,M15,2025-08,2025-08-01 00:30:00,2025-08-01 08:45:00,SELL,1.38511,1.387497,4.0,1.387497,loss,-1.0628,95,0.00191,0.0628,15.0,0.7396,2.5564,"max(structure,1.25ATR)",score,ORB 15m breakout,342.4,17.12,-18.19,324.2
dynamic_score,LTA,GBPJPY,M15,2025-08,2025-08-01 01:15:00,2025-08-01 09:15:00,SELL,199.006,199.31491,3.0,198.07927,win,1.9288,92,0.146071,0.0712,22.0,0.2396,,"max(structure,0.80ATR)",score,Entry Model 1 - Double Wick Confirmation,324.2,16.21,31.27,355.47
dynamic_score,LTA,USDCAD,M15,2025-08,2025-08-04 03:00:00,2025-08-05 03:15:00,SELL,1.37729,1.37951,3.0,1.37879,timeout,-0.7432,90,0.000615,0.0676,15.0,0.4792,,"max(structure,0.80ATR)",score,Entry Model 1 - Double Wick Confirmation,355.47,17.77,-13.21,342.26
dynamic_score,LTA,AUDUSD,M30,2025-08,2025-08-07 01:30:00,2025-08-07 09:30:00,BUY,0.651,0.64947,6.0,0.65253,trail_stop,0.9412,98,0.000451,0.0588,9.0,0.0729,,"max(structure,0.80ATR)",score,Entry Model 3 - Confirmation of Internal Structure,342.26,17.11,16.11,358.36
dynamic_score,LTA,AUDUSD,M30,2025-08,2025-08-08 00:00:00,2025-08-08 07:00:00,SELL,0.65194,0.65284,3.0,0.65284,loss,-1.1,93,0.000611,0.1,9.0,0.5208,,"max(structure,0.80ATR)",score,Entry Model 3 - Confirmation of Internal Structure,358.36,17.92,-19.71,338.65
dynamic_score,LTA,GBPJPY,M15,2025-08,2025-08-14 03:30:00,2025-08-14 06:00:00,SELL,198.947,199.2137,4.0,198.947,trail_stop,0.4175,95,0.164643,0.0825,22.0,0.9583,,"max(structure,1.25ATR)",score,Entry Model 1 - Double Wick Confirmation,338.65,16.93,7.07,345.72
dynamic_score,LTA,AUDUSD,M30,2025-08,2025-08-15 03:00:00,2025-08-18 13:30:00,BUY,0.65002,0.64868,3.0,0.65002,trail_stop,0.4328,94,0.000539,0.0672,9.0,0.3646,,"max(structure,0.80ATR)",score,Entry Model 3 - Confirmation of Internal Structure,345.72,17.29,7.48,353.21
dynamic_score,LTA,GBPJPY,M30,2025-08,2025-08-19 00:00:00,2025-08-19 03:30:00,SELL,199.635,199.88001,6.0,199.635,trail_stop,0.4102,100,0.140071,0.0898,22.0,0.2188,,"max(structure,0.80ATR)",score,Entry Model 1 - Double Wick Confirmation + Entry Model 3 - Confirmation of Internal Structure,353.21,17.66,7.24,360.45
dynamic_score,LTA,GBPJPY,M30,2025-08,2025-08-26 06:00:00,2025-08-26 07:30:00,SELL,198.797,199.032446,5.0,198.797,trail_stop,0.4066,99,0.188357,0.0934,22.0,0.8542,,"max(structure,1.25ATR)",score,Entry Model 1 - Double Wick Confirmation + Entry Model 3 - Confirmation of Internal Structure,360.45,18.02,7.33,367.78
dynamic_score,LTA,AUDUSD,M15,2025-08,2025-08-27 01:30:00,2025-08-27 02:30:00,BUY,0.65004,0.64888,6.0,0.64888,loss,-1.0776,98,0.000286,0.0776,9.0,0.3021,,"max(structure,0.80ATR)",score,Entry Model 1 - Double Wick Confirmation + Entry Model 3 - Confirmation of Internal Structure,367.78,18.39,-19.82,347.96
dynamic_score,LTA,AUDUSD,M30,2025-08,2025-08-29 03:00:00,2025-08-29 13:30:00,SELL,0.65335,0.65426,5.0,0.65335,trail_stop,0.4011,96,0.00048,0.0989,9.0,0.3542,,"max(structure,0.80ATR)",score,Entry Model 3 - Confirmation of Internal Structure,347.96,17.4,6.98,354.94
dynamic_score,LTA,AUDUSD,M15,2025-09,2025-09-02 00:00:00,2025-09-02 07:15:00,SELL,0.6549,0.65584,3.0,0.65208,win,1.9043,91,0.000239,0.0957,9.0,0.2708,,"max(structure,0.80ATR)",score,Entry Model 1 - Double Wick Confirmation + Entry Model 3 - Confirmation of Internal Structure,354.94,17.75,33.8,388.74
dynamic_score,LTA,GBPJPY,M15,2025-09,2025-09-03 04:15:00,2025-09-03 06:30:00,SELL,198.794,199.03279,6.0,198.794,trail_stop,0.4079,98,0.098571,0.0921,22.0,0.1979,,"max(structure,0.80ATR)",score,Entry Model 1 - Double Wick Confirmation,388.74,19.44,7.93,396.66
dynamic_score,LTA,GBPJPY,M15,2025-09,2025-09-04 00:30:00,2025-09-04 01:30:00,BUY,199.088,198.77877,3.0,198.77877,loss,-1.0711,92,0.134857,0.0711,22.0,0.6562,,"max(structure,1.00ATR)",score,Entry Model 3 - Confirmation of Internal Structure,396.66,19.83,-21.24,375.42
dynamic_score,LTA,AUDUSD,M30,2025-09,2025-09-11 01:30:00,2025-09-11 05:00:00,BUY,0.66165,0.66071,3.0,0.66071,loss,-1.0957,90,0.000486,0.0957,9.0,0.2812,,"max(structure,0.80ATR)",score,Entry Model 1 - Double Wick Confirmation + Entry Model 3 - Confirmation of Internal Structure,375.42,18.77,-20.57,354.85
dynamic_score,LTA,GBPJPY,M30,2025-09,2025-09-17 00:00:00,2025-09-17 06:00:00,SELL,199.756,199.98568,5.0,199.98568,loss,-1.0958,97,0.137857,0.0958,22.0,0.5417,,"max(structure,0.80ATR)",score,Entry Model 2 - Internal Swing Confirmation,354.85,17.74,-19.44,335.41
dynamic_score,LTA,AUDUSD,M30,2025-09,2025-09-18 00:00:00,2025-09-18 07:30:00,SELL,0.66451,0.666101,5.0,0.66451,trail_stop,0.4434,98,0.001273,0.0566,9.0,0.9583,,"max(structure,1.25ATR)",score,Entry Model 2 - Internal Swing Confirmation,335.41,16.77,7.44,342.85
dynamic_score,LTA,USDCAD,M30,2025-09,2025-09-18 00:00:00,2025-09-18 09:00:00,BUY,1.37736,1.375738,2.0,1.37736,trail_stop,0.4075,92,0.001298,0.0925,15.0,0.9062,,"max(structure,1.25ATR)",score,Entry Model 1 - Double Wick Confirmation,342.85,17.14,6.99,349.83
dynamic_score,LTA,GBPJPY,M15,2025-09,2025-09-19 03:45:00,2025-09-22 01:00:00,SELL,200.038,200.50024,3.0,199.57576,trail_stop,0.9524,90,0.141571,0.0476,22.0,0.6979,,"max(structure,1.00ATR)",score,Entry Model 1 - Double Wick Confirmation,349.83,17.49,16.66,366.49
dynamic_score,LTA,AUDUSD,M15,2025-09,2025-09-24 01:30:00,2025-09-24 13:30:00,BUY,0.66108,0.65879,3.0,0.65879,loss,-1.0393,93,0.000429,0.0393,9.0,0.5521,,"max(structure,0.80ATR)",score,Entry Model 1 - Double Wick Confirmation + Entry Model 3 - Confirmation of Internal Structure,366.49,18.32,-19.04,347.45
dynamic_score,LTA,GBPJPY,M30,2025-09,2025-09-25 01:30:00,2025-09-25 11:30:00,BUY,200.121,199.84779,5.0,199.84779,loss,-1.0805,97,0.141429,0.0805,22.0,0.5312,,"max(structure,0.80ATR)",score,Entry Model 3 - Confirmation of Internal Structure,347.45,17.37,-18.77,328.68
dynamic_score,LTA,GBPJPY,M15,2025-09,2025-09-30 00:45:00,2025-09-30 04:00:00,BUY,199.749,199.51354,3.0,199.51354,loss,-1.0934,93,0.109714,0.0934,22.0,0.7292,,"max(structure,1.00ATR)",score,Entry Model 2 - Internal Swing Confirmation,328.68,16.43,-17.97,310.71
dynamic_score,LTA,AUDUSD,M30,2025-09,2025-09-30 03:00:00,2025-10-01 02:30:00,BUY,0.65937,0.65699,3.0,0.65937,trail_stop,0.4622,90,0.000612,0.0378,9.0,0.75,,"max(structure,1.00ATR)",score,Entry Model 1 - Double Wick Confirmation,310.71,15.54,7.18,317.89
dynamic_score,LTA,USDCAD,M30,2025-10,2025-10-01 04:30:00,2025-10-01 10:00:00,SELL,1.39137,1.3933,3.0,1.3933,loss,-1.0777,94,0.000454,0.0777,15.0,0.0521,,"max(structure,0.80ATR)",score,Entry Model 3 - Confirmation of Internal Structure,317.89,15.89,-17.13,300.76
dynamic_score,LTA,AUDUSD,M30,2025-10,2025-10-02 01:30:00,2025-10-02 12:30:00,BUY,0.66194,0.66012,5.0,0.66012,loss,-1.0495,97,0.000465,0.0495,9.0,0.1771,,"max(structure,0.80ATR)",score,Entry Model 3 - Confirmation of Internal Structure,300.76,15.04,-15.78,284.98
dynamic_score,LTA,AUDUSD,M30,2025-10,2025-10-03 04:30:00,2025-10-03 07:00:00,SELL,0.65907,0.66041,3.0,0.66041,loss,-1.0672,90,0.000431,0.0672,9.0,0.1875,,"max(structure,0.80ATR)",score,Entry Model 2 - Internal Swing Confirmation,284.98,14.25,-15.21,269.77
dynamic_score,ORB,GBPUSD,M15,2025-10,2025-10-05 23:15:00,2025-10-06 06:00:00,BUY,1.34355,1.342227,5.0,1.34355,trail_stop,0.4244,100,0.001059,0.0756,10.0,1.0,0.7179,"max(structure,1.25ATR)",score,ORB 15m breakout,269.77,13.49,5.72,275.49
dynamic_score,LTA,AUDUSD,M15,2025-10,2025-10-07 05:15:00,2025-10-08 05:30:00,SELL,0.66042,0.6622,3.0,0.65614,timeout,1.6517,90,0.000377,0.0506,9.0,0.4583,,"max(structure,0.80ATR)",score,Entry Model 1 - Double Wick Confirmation,275.49,13.77,22.75,298.25
dynamic_score,LTA,AUDUSD,M30,2025-10,2025-10-08 06:00:00,2025-10-08 07:30:00,SELL,0.65586,0.65679,6.0,0.65679,loss,-1.0968,100,0.000613,0.0968,9.0,0.6562,,"max(structure,1.00ATR)",score,Entry Model 1 - Double Wick Confirmation,298.25,14.91,-16.36,281.89
dynamic_score,LTA,GBPJPY,M15,2025-10,2025-10-09 01:15:00,2025-10-09 13:00:00,SELL,204.549,204.89078,3.0,204.549,trail_stop,0.4356,92,0.151857,0.0644,22.0,0.5208,,"max(structure,0.80ATR)",score,Entry Model 1 - Double Wick Confirmation + Entry Model 3 - Confirmation of Internal Structure,281.89,14.09,6.14,288.03
dynamic_score,ORB,GBPUSD,M15,2025-10,2025-10-12 23:15:00,2025-10-13 01:30:00,SELL,1.33399,1.335554,5.0,1.335554,loss,-1.0639,100,0.001251,0.0639,10.0,0.8542,0.6233,"max(structure,1.25ATR)",score,ORB 15m breakout,288.03,14.4,-15.32,272.71
dynamic_score,LTA,AUDUSD,M15,2025-10,2025-10-13 00:00:00,2025-10-13 02:00:00,BUY,0.65032,0.64896,2.0,0.65304,win,1.4338,92,0.000904,0.0662,9.0,0.8646,,"max(structure,1.25ATR)",score,Entry Model 1 - Double Wick Confirmation,272.71,13.64,19.55,292.26
dynamic_score,LTA,GBPJPY,M15,2025-10,2025-10-15 00:30:00,2025-10-15 05:45:00,SELL,201.982,202.31714,3.0,201.982,trail_stop,0.4344,92,0.134286,0.0656,22.0,0.375,,"max(structure,0.80ATR)",score,Entry Model 3 - Confirmation of Internal Structure,292.26,14.61,6.35,298.61
dynamic_score,LTA,GBPJPY,M15,2025-10,2025-10-17 00:30:00,2025-10-17 03:30:00,BUY,201.984,201.68537,3.0,201.68537,loss,-1.0737,91,0.1175,0.0737,22.0,0.1771,,"max(structure,0.80ATR)",score,Entry Model 1 - Double Wick Confirmation,298.61,14.93,-16.03,282.58
dynamic_score,LTA,AUDUSD,M30,2025-10,2025-10-17 01:30:00,2025-10-17 10:30:00,SELL,0.64717,0.64924,6.0,0.64717,trail_stop,0.4565,99,0.000626,0.0435,9.0,0.1562,,"max(structure,0.80ATR)",score,Entry Model 1 - Double Wick Confirmation + Entry Model 3 - Confirmation of Internal Structure,282.58,14.13,6.45,289.03
dynamic_score,LTA,AUDUSD,M30,2025-10,2025-10-21 01:30:00,2025-10-21 08:00:00,SELL,0.6513,0.65251,3.0,0.64767,win,1.9256,91,0.000355,0.0744,9.0,0.0833,,"max(structure,0.80ATR)",score,Entry Model 1 - Double Wick Confirmation + Entry Model 3 - Confirmation of Internal Structure,289.03,14.45,27.83,316.85
dynamic_score,LTA,AUDUSD,M30,2025-10,2025-10-23 01:30:00,2025-10-23 06:00:00,SELL,0.64855,0.64954,6.0,0.64954,loss,-1.0909,100,0.000379,0.0909,9.0,0.0938,,"max(structure,0.80ATR)",score,Entry Model 1 - Double Wick Confirmation + Entry Model 3 - Confirmation of Internal Structure,316.85,15.84,-17.28,299.57
dynamic_score,LTA,GBPJPY,M15,2025-10,2025-10-28 23:45:00,2025-10-29 18:30:00,SELL,201.478,201.98357,5.0,201.478,trail_stop,0.4565,96,0.103786,0.0435,22.0,0.25,,"max(structure,0.80ATR)",score,Entry Model 3 - Confirmation of Internal Structure,299.57,14.98,6.84,306.41
dynamic_score,LTA,GBPJPY,M15,2025-11,2025-11-03 06:00:00,2025-11-03 08:00:00,BUY,202.621,202.39902,3.0,202.39902,loss,-1.0991,90,0.059857,0.0991,22.0,0.0729,,"max(structure,0.80ATR)",score,Entry Model 1 - Double Wick Confirmation,306.41,15.32,-16.84,289.57
dynamic_score,LTA,AUDUSD,M30,2025-11,2025-11-03 07:00:00,2025-11-03 17:00:00,SELL,0.655,0.65629,3.0,0.65371,trail_stop,0.9302,94,0.000577,0.0698,9.0,0.4583,,"max(structure,0.80ATR)",score,Entry Model 1 - Double Wick Confirmation,289.57,14.48,13.47,303.04
dynamic_score,ORB,GBPUSD,M15,2025-11,2025-11-04 00:15:00,2025-11-04 07:15:00,SELL,1.31191,1.313773,4.0,1.313773,loss,-1.0537,95,0.00149,0.0537,10.0,0.3021,4.4478,"max(structure,1.25ATR)",score,ORB 15m breakout,303.04,15.15,-15.97,287.07
dynamic_score,LTA,AUDUSD,M15,2025-11,2025-11-04 03:15:00,2025-11-04 03:30:00,BUY,0.65335,0.65198,4.0,0.65198,loss,-1.0657,96,0.00053,0.0657,9.0,0.9062,,"max(structure,1.25ATR)",score,Entry Model 3 - Confirmation of Internal Structure,287.07,14.35,-15.3,271.77
dynamic_score,LTA,AUDUSD,M15,2025-11,2025-11-06 01:45:00,2025-11-06 14:15:00,BUY,0.65098,0.64961,5.0,0.64961,loss,-1.0657,97,0.000396,0.0657,9.0,0.3958,,"max(structure,0.80ATR)",score,Entry Model 2 - Internal Swing Confirmation,271.77,13.59,-14.48,257.29
dynamic_score,LTA,GBPJPY,M30,2025-11,2025-11-07 01:30:00,2025-11-07 06:00:00,SELL,200.975,201.27491,3.0,201.27491,loss,-1.0734,93,0.186071,0.0734,22.0,0.3646,,"max(structure,0.80ATR)",score,Entry Model 1 - Double Wick Confirmation + Entry Model 3 - Confirmation of Internal Structure,257.29,12.86,-13.81,243.48
dynamic_score,ORB,GBPUSD,M15,2025-11,2025-11-10 01:15:00,2025-11-10 11:00:00,BUY,1.31535,1.313175,4.0,1.31535,trail_stop,0.454,95,0.00174,0.046,10.0,0.7292,2.1673,"max(structure,1.25ATR)",score,ORB 15m breakout,243.48,12.17,5.53,249.01
dynamic_score,ORB,USDCHF,M15,2025-11,2025-11-10 05:30:00,2025-11-11 01:00:00,SELL,0.80587,0.80737,4.0,0.80587,trail_stop,0.4133,95,0.0012,0.0867,13.0,0.1875,2.2018,"max(structure,1.25ATR)",score,ORB 15m breakout,249.01,12.45,5.15,254.16
dynamic_score,LTA,AUDUSD,M30,2025-11,2025-11-12 05:30:00,2025-11-13 13:00:00,BUY,0.65287,0.65148,5.0,0.65565,trail_stop,1.4353,97,0.000568,0.0647,9.0,0.7396,,"max(structure,1.00ATR)",score,Entry Model 2 - Internal Swing Confirmation,254.16,12.71,18.24,272.4
dynamic_score,LTA,GBPJPY,M30,2025-11,2025-11-13 01:30:00,2025-11-13 07:30:00,SELL,203.06,203.34137,3.0,203.34137,loss,-1.0782,91,0.155786,0.0782,22.0,0.4271,,"max(structure,0.80ATR)",score,Entry Model 1 - Double Wick Confirmation,272.4,13.62,-14.68,257.71
dynamic_score,LTA,USDCAD,M30,2025-11,2025-11-14 01:00:00,2025-11-17 00:00:00,SELL,1.4029,1.40446,3.0,1.4029,trail_stop,0.4038,92,0.000584,0.0962,15.0,0.5521,,"max(structure,0.80ATR)",score,Entry Model 3 - Confirmation of Internal Structure,257.71,12.89,5.2,262.92
dynamic_score,LTA,GBPJPY,M15,2025-11,2025-11-17 00:00:00,2025-11-17 07:00:00,SELL,203.256,203.5398,3.0,203.5398,loss,-1.0775,92,0.125357,0.0775,22.0,0.2812,,"max(structure,0.80ATR)",score,Entry Model 2 - Internal Swing Confirmation,262.92,13.15,-14.16,248.75
dynamic_score,ORB,GBPUSD,M15,2025-11,2025-11-18 00:15:00,2025-11-18 04:15:00,SELL,1.31456,1.315735,4.0,1.315735,loss,-1.0851,95,0.00094,0.0851,10.0,0.0729,2.4236,"max(structure,1.25ATR)",score,ORB 15m breakout,248.75,12.44,-13.5,235.25
dynamic_score,LTA,AUDUSD,M30,2025-11,2025-11-19 05:30:00,2025-11-19 15:30:00,BUY,0.64889,0.64752,5.0,0.64752,loss,-1.0657,95,0.000636,0.0657,9.0,0.4167,,"max(structure,0.80ATR)",score,Entry Model 1 - Double Wick Confirmation,235.25,11.76,-12.54,222.72
dynamic_score,LTA,GBPJPY,M30,2025-11,2025-11-21 00:00:00,2025-11-21 07:00:00,BUY,205.969,205.52163,3.0,205.52163,loss,-1.0492,92,0.2225,0.0492,22.0,0.4792,,"max(structure,0.80ATR)",score,Entry Model 1 - Double Wick Confirmation + Entry Model 3 - Confirmation of Internal Structure,222.72,11.14,-11.68,211.04
dynamic_score,ORB,AUDUSD,M15,2025-11,2025-11-24 00:15:00,2025-11-24 05:45:00,SELL,0.6453,0.646437,4.0,0.646437,loss,-1.0791,95,0.00091,0.0791,9.0,0.0729,2.7817,"max(structure,1.25ATR)",score,ORB 15m breakout,211.04,10.55,-11.39,199.65
dynamic_score,ORB,GBPUSD,M15,2025-11,2025-11-24 00:15:00,2025-11-24 02:30:00,SELL,1.30874,1.309827,5.0,1.309827,loss,-1.092,100,0.00087,0.092,10.0,0.4062,1.5187,"max(structure,1.25ATR)",score,ORB 15m breakout,199.65,9.98,-10.9,188.75
dynamic_score,LTA,GBPJPY,M30,2025-11,2025-11-27 01:30:00,2025-11-28 08:30:00,BUY,206.868,206.39849,3.0,206.39849,loss,-1.0469,90,0.176714,0.0469,22.0,0.3021,,"max(structure,0.80ATR)",score,Entry Model 3 - Confirmation of Internal Structure,188.75,9.44,-9.88,178.87
dynamic_score,LTA,AUDUSD,M30,2025-11,2025-11-28 04:00:00,2025-11-28 13:30:00,SELL,0.65323,0.65416,5.0,0.65323,trail_stop,0.4032,96,0.000498,0.0968,9.0,0.5,,"max(structure,0.80ATR)",score,Entry Model 1 - Double Wick Confirmation,178.87,8.94,3.61,182.47
dynamic_score,ORB,AUDUSD,M15,2025-12,2025-12-01 00:15:00,2025-12-01 01:15:00,SELL,0.65444,0.655427,5.0,0.655427,loss,-1.0911,100,0.00079,0.0911,9.0,1.0,1.2846,"max(structure,1.25ATR)",score,ORB 15m breakout,182.47,9.12,-9.95,172.52
dynamic_score,LTA,GBPJPY,M30,2025-12,2025-12-01 06:00:00,2025-12-02 01:00:00,SELL,205.684,205.983554,4.0,205.684,trail_stop,0.4266,95,0.239643,0.0734,22.0,0.9271,,"max(structure,1.25ATR)",score,Entry Model 1 - Double Wick Confirmation,172.52,8.63,3.68,176.2
dynamic_score,LTA,GBPJPY,M15,2025-12,2025-12-05 00:45:00,2025-12-05 08:00:00,SELL,206.575,206.81774,6.0,206.575,trail_stop,0.4094,98,0.118286,0.0906,22.0,0.4792,,"max(structure,0.80ATR)",score,Entry Model 1 - Double Wick Confirmation,176.2,8.81,3.61,179.81
dynamic_score,LTA,AUDUSD,M15,2025-12,2025-12-09 04:00:00,2025-12-10 02:00:00,BUY,0.66289,0.66072,5.0,0.66289,trail_stop,0.4585,100,0.000567,0.0415,9.0,1.0,,"max(structure,1.25ATR)",score,Entry Model 1 - Double Wick Confirmation,179.81,8.99,4.12,183.93
dynamic_score,LTA,GBPJPY,M15,2025-12,2025-12-10 00:45:00,2025-12-10 05:30:00,SELL,208.485,208.72797,3.0,208.485,trail_stop,0.4095,90,0.113143,0.0905,22.0,0.5208,,"max(structure,0.80ATR)",score,Entry Model 3 - Confirmation of Internal Structure,183.93,9.2,3.77,187.69
dynamic_score,LTA,AUDUSD,M30,2025-12,2025-12-11 07:00:00,2025-12-12 15:30:00,BUY,0.66426,0.6625,5.0,0.66426,trail_stop,0.4489,98,0.000892,0.0511,9.0,0.875,,"max(structure,1.25ATR)",score,Entry Model 3 - Confirmation of Internal Structure,187.69,9.38,4.21,191.91
dynamic_score,ORB,AUDUSD,M15,2025-12,2025-12-16 00:15:00,2025-12-16 02:15:00,SELL,0.66332,0.66452,4.0,0.66332,trail_stop,0.425,95,0.00096,0.075,9.0,0.4375,3.2308,"max(structure,1.25ATR)",score,ORB 15m breakout,191.91,9.6,4.08,195.98
dynamic_score,LTA,GBPJPY,M30,2025-12,2025-12-17 01:30:00,2025-12-17 07:00:00,BUY,207.634,207.37741,3.0,207.634,trail_stop,0.4143,93,0.170571,0.0857,22.0,0.4583,,"max(structure,0.80ATR)",score,Entry Model 1 - Double Wick Confirmation,195.98,9.8,4.06,200.04
dynamic_score,LTA,GBPJPY,M30,2025-12,2025-12-19 04:30:00,2025-12-19 09:30:00,BUY,208.684,208.1749,3.0,210.2113,win,1.9568,90,0.200643,0.0432,22.0,0.7604,,"max(structure,1.00ATR)",score,Entry Model 1 - Double Wick Confirmation,200.04,10.0,19.57,219.62
dynamic_score,ORB,GBPUSD,M15,2025-12,2025-12-23 00:30:00,2025-12-23 09:15:00,BUY,1.34758,1.346518,4.0,1.349705,trail_stop,1.4059,95,0.00085,0.0941,10.0,0.5,2.474,"max(structure,1.25ATR)",score,ORB 15m breakout,219.62,10.98,15.44,235.05
dynamic_score,LTA,AUDUSD,M30,2025-12,2025-12-23 07:00:00,2025-12-23 14:00:00,BUY,0.6674,0.66631,4.0,0.66849,trail_stop,0.9174,95,0.000512,0.0826,9.0,0.8125,,"max(structure,1.25ATR)",score,Entry Model 1 - Double Wick Confirmation,235.05,11.75,10.78,245.84
dynamic_score,LTA,GBPJPY,M30,2025-12,2025-12-24 03:00:00,2025-12-24 05:00:00,BUY,210.661,210.40084,5.0,210.40084,loss,-1.0846,95,0.194429,0.0846,22.0,0.7188,,"max(structure,1.00ATR)",score,Entry Model 1 - Double Wick Confirmation,245.84,12.29,-13.33,232.5
dynamic_score,LTA,GBPJPY,M15,2025-12,2025-12-29 00:00:00,2025-12-29 02:15:00,SELL,210.814,211.31688,4.0,211.31688,loss,-1.0437,97,0.1725,0.0437,22.0,0.8958,,"max(structure,1.25ATR)",score,Entry Model 2 - Internal Swing Confirmation,232.5,11.63,-12.13,220.37
dynamic_score,ORB,GBPUSD,M15,2025-12,2025-12-29 00:15:00,2025-12-29 04:45:00,BUY,1.35039,1.349354,5.0,1.349354,loss,-1.0966,100,0.000829,0.0966,10.0,0.875,0.9172,"max(structure,1.25ATR)",score,ORB 15m breakout,220.37,11.02,-12.08,208.29
dynamic_score,ORB,GBPUSD,M15,2026-01,2026-01-05 01:15:00,2026-01-05 02:15:00,BUY,1.34476,1.34341,5.0,1.34341,loss,-1.0741,100,0.00108,0.0741,10.0,0.8333,1.3897,"max(structure,1.25ATR)",score,ORB 15m breakout,208.29,10.41,-11.19,197.1
dynamic_score,LTA,GBPJPY,M30,2026-01,2026-01-05 01:30:00,2026-01-05 14:30:00,SELL,211.03,211.34696,3.0,211.03,trail_stop,0.4306,94,0.159714,0.0694,22.0,0.4896,,"max(structure,0.80ATR)",score,Entry Model 3 - Confirmation of Internal Structure,197.1,9.86,4.24,201.35
dynamic_score,LTA,GBPJPY,M30,2026-01,2026-01-08 03:00:00,2026-01-08 10:00:00,SELL,210.913,211.16743,3.0,210.65857,trail_stop,0.9135,94,0.1295,0.0865,22.0,0.2188,,"max(structure,0.80ATR)",score,Entry Model 1 - Double Wick Confirmation,201.35,10.07,9.2,210.54
dynamic_score,ORB,AUDUSD,M15,2026-01,2026-01-12 00:15:00,2026-01-13 00:15:00,BUY,0.66948,0.668005,4.0,0.67075,timeout,0.8695,95,0.00118,0.061,9.0,0.625,4.1717,"max(structure,1.25ATR)",score,ORB 15m breakout,210.54,10.53,9.15,219.7
dynamic_score,ORB,GBPUSD,M15,2026-01,2026-01-12 00:15:00,2026-01-13 00:15:00,BUY,1.34124,1.338477,4.0,1.34632,timeout,1.3833,95,0.00221,0.0362,10.0,0.7708,3.532,"max(structure,1.25ATR)",score,ORB 15m breakout,219.7,10.98,15.2,234.89
dynamic_score,ORB,USDCHF,M15,2026-01,2026-01-12 00:15:00,2026-01-13 00:15:00,SELL,0.79971,0.802172,4.0,0.79759,timeout,0.8777,95,0.00197,0.0528,13.0,0.8542,3.9288,"max(structure,1.25ATR)",score,ORB 15m breakout,234.89,11.74,10.31,245.2
dynamic_score,ORB,GBPUSD,M15,2026-01,2026-01-19 00:15:00,2026-01-19 00:30:00,SELL,1.33848,1.340817,5.0,1.340817,loss,-1.0428,100,0.00187,0.0428,10.0,1.0,1.523,"max(structure,1.25ATR)",score,ORB 15m breakout,245.2,12.26,-12.78,232.41
dynamic_score,ORB,USDCHF,M15,2026-01,2026-01-19 00:15:00,2026-01-19 00:30:00,BUY,0.80033,0.79818,4.0,0.79818,loss,-1.0605,95,0.00172,0.0605,13.0,1.0,2.0759,"max(structure,1.25ATR)",score,ORB 15m breakout,232.41,11.62,-12.32,220.09
dynamic_score,ORB,AUDUSD,M15,2026-01,2026-01-19 00:30:00,2026-01-20 00:30:00,BUY,0.66893,0.66733,4.0,0.67111,timeout,1.125,95,0.00128,0.0562,9.0,0.9792,2.4889,"max(structure,1.25ATR)",score,ORB 15m breakout,220.09,11.0,12.38,232.47
dynamic_score,LTA,GBPJPY,M15,2026-01,2026-01-20 00:45:00,2026-01-20 04:30:00,SELL,211.926,212.35395,3.0,212.35395,loss,-1.0514,91,0.126357,0.0514,22.0,0.6458,,"max(structure,1.00ATR)",score,Entry Model 2 - Internal Swing Confirmation,232.47,11.62,-12.22,220.25
dynamic_score,ORB,GBPUSD,M15,2026-01,2026-01-26 00:15:00,2026-01-26 01:00:00,SELL,1.36459,1.366877,5.0,1.366877,loss,-1.0437,100,0.00183,0.0437,10.0,0.8125,1.6164,"max(structure,1.25ATR)",score,ORB 15m breakout,220.25,11.01,-11.49,208.76
dynamic_score,ORB,USDCHF,M15,2026-01,2026-01-26 00:15:00,2026-01-26 01:45:00,BUY,0.77897,0.776745,5.0,0.776745,loss,-1.0584,100,0.00178,0.0584,13.0,0.9479,0.6124,"max(structure,1.25ATR)",score,ORB 15m breakout,208.76,10.44,-11.05,197.71
dynamic_score,ORB,AUDUSD,M15,2026-01,2026-01-26 00:30:00,2026-01-26 03:15:00,BUY,0.69155,0.69035,5.0,0.69155,trail_stop,0.425,100,0.00096,0.075,9.0,1.0,1.1247,"max(structure,1.25ATR)",score,ORB 15m breakout,197.71,9.89,4.2,201.91
dynamic_score,LTA,AUDUSD,M15,2026-01,2026-01-26 07:00:00,2026-01-26 08:30:00,SELL,0.69113,0.69215,3.0,0.69215,loss,-1.0882,91,0.000528,0.0882,9.0,0.3021,,"max(structure,0.80ATR)",score,Entry Model 1 - Double Wick Confirmation + Entry Model 3 - Confirmation of Internal Structure,201.91,10.1,-10.99,190.92
dynamic_score,LTA,GBPJPY,M15,2026-01,2026-01-27 00:00:00,2026-01-27 02:15:00,SELL,210.871,211.20945,3.0,211.20945,loss,-1.065,91,0.143,0.065,22.0,0.125,,"max(structure,0.80ATR)",score,Entry Model 3 - Confirmation of Internal Structure,190.92,9.55,-10.17,180.76
dynamic_score,ORB,GBPUSD,M15,2026-01,2026-01-28 00:15:00,2026-01-28 06:15:00,SELL,1.38139,1.383149,6.0,1.38139,trail_stop,0.4431,100,0.001759,0.0569,10.0,0.6146,0.7222,"max(structure,1.00ATR)",score,ORB 15m breakout,180.76,9.04,4.0,184.76
dynamic_score,LTA,GBPJPY,M30,2026-01,2026-01-28 06:00:00,2026-01-28 09:00:00,BUY,210.764,210.35931,3.0,210.35931,loss,-1.0544,92,0.231286,0.0544,22.0,0.2396,,"max(structure,0.80ATR)",score,Entry Model 3 - Confirmation of Internal Structure,184.76,9.24,-9.74,175.02
dynamic_score,ORB,AUDUSD,M15,2026-01,2026-01-29 00:15:00,2026-01-29 01:15:00,BUY,0.70441,0.70276,5.0,0.70276,loss,-1.0545,100,0.00132,0.0545,9.0,0.2812,1.9473,"max(structure,1.25ATR)",score,ORB 15m breakout,175.02,8.75,-9.23,165.79
dynamic_score,ORB,GBPUSD,M15,2026-01,2026-01-29 00:15:00,2026-01-29 01:00:00,BUY,1.38271,1.38101,5.0,1.38101,loss,-1.0588,100,0.00136,0.0588,10.0,0.1979,1.6315,"max(structure,1.25ATR)",score,ORB 15m breakout,165.79,8.29,-8.78,157.02
dynamic_score,ORB,USDCAD,M15,2026-01,2026-01-29 00:15:00,2026-01-29 01:00:00,SELL,1.35335,1.354925,5.0,1.354925,loss,-1.0952,100,0.00126,0.0952,15.0,0.1771,1.9622,"max(structure,1.25ATR)",score,ORB 15m breakout,157.02,7.85,-8.6,148.42
dynamic_score,LTA,GBPJPY,M30,2026-01,2026-01-29 06:00:00,2026-01-29 07:00:00,SELL,211.644,211.87093,5.0,211.87093,loss,-1.0969,97,0.206214,0.0969,22.0,0.1667,,"max(structure,0.80ATR)",score,Entry Model 1 - Double Wick Confirmation + Entry Model 3 - Confirmation of Internal Structure,148.42,7.42,-8.14,140.28
dynamic_score,LTA,GBPJPY,M15,2026-01,2026-01-30 01:30:00,2026-01-30 02:00:00,SELL,211.446,211.70122,3.0,211.70122,loss,-1.0862,92,0.1615,0.0862,22.0,0.5938,,"max(structure,0.80ATR)",score,Entry Model 1 - Double Wick Confirmation + Entry Model 3 - Confirmation of Internal Structure,140.28,7.01,-7.62,132.66
dynamic_score,LTA,GBPJPY,M15,2026-01,2026-01-30 04:30:00,2026-01-30 08:45:00,SELL,211.606,211.93472,5.0,211.93472,loss,-1.0669,95,0.2115,0.0669,22.0,0.7812,,"max(structure,1.00ATR)",score,Entry Model 3 - Confirmation of Internal Structure,132.66,6.63,-7.08,125.58
dynamic_score,LTA,AUDUSD,M30,2026-01,2026-01-30 05:30:00,2026-01-30 10:30:00,SELL,0.69991,0.701747,5.0,0.69991,trail_stop,0.451,100,0.001469,0.049,9.0,0.8438,,"max(structure,1.25ATR)",score,Entry Model 1 - Double Wick Confirmation,125.58,6.28,2.83,128.41
dynamic_score,ORB,AUDUSD,M15,2026-02,2026-02-02 00:15:00,2026-02-02 04:00:00,BUY,0.69697,0.693682,4.0,0.693682,loss,-1.0274,95,0.00263,0.0274,9.0,0.5833,2.5748,"max(structure,1.25ATR)",score,ORB 15m breakout,128.41,6.42,-6.6,121.82
dynamic_score,ORB,NZDUSD,M15,2026-02,2026-02-02 00:15:00,2026-02-02 05:45:00,BUY,0.60299,0.600202,4.0,0.600202,loss,-1.0646,95,0.00223,0.0646,18.0,0.7604,2.5157,"max(structure,1.25ATR)",score,ORB 15m breakout,121.82,6.09,-6.48,115.33
dynamic_score,ORB,USDCAD,M15,2026-02,2026-02-02 00:15:00,2026-02-02 01:15:00,SELL,1.36145,1.364387,5.0,1.364387,loss,-1.0511,100,0.00235,0.0511,15.0,0.6667,1.7189,"max(structure,1.25ATR)",score,ORB 15m breakout,115.33,5.77,-6.06,109.27
dynamic_score,ORB,USDCHF,M15,2026-02,2026-02-02 00:15:00,2026-02-02 08:45:00,SELL,0.77176,0.774147,4.0,0.774147,loss,-1.0545,95,0.00191,0.0545,13.0,0.6771,2.3918,"max(structure,1.25ATR)",score,ORB 15m breakout,109.27,5.46,-5.76,103.51
dynamic_score,ORB,GBPUSD,M15,2026-02,2026-02-02 05:15:00,2026-02-02 10:00:00,SELL,1.3676,1.371275,4.0,1.371275,loss,-1.0272,95,0.00294,0.0272,10.0,0.0208,2.4991,"max(structure,1.25ATR)",score,ORB 15m breakout,103.51,5.18,-5.32,98.19
dynamic_score,LTA,GBPJPY,M30,2026-02,2026-02-03 00:00:00,2026-02-03 15:00:00,BUY,212.689,212.46421,3.0,213.36337,win,1.9021,92,0.138571,0.0979,22.0,0.0208,,"max(structure,0.80ATR)",score,Entry Model 1 - Double Wick Confirmation,98.19,4.91,9.34,107.53
dynamic_score,LTA,AUDUSD,M15,2026-02,2026-02-05 03:15:00,2026-02-06 03:30:00,SELL,0.69667,0.70034,3.0,0.69362,timeout,0.891,90,0.000956,0.0245,9.0,0.7812,,"max(structure,1.00ATR)",score,Entry Model 2 - Internal Swing Confirmation,107.53,5.38,4.79,112.32
dynamic_score,ORB,GBPUSD,M15,2026-02,2026-02-06 00:15:00,2026-02-06 00:45:00,SELL,1.35131,1.352735,5.0,1.352735,loss,-1.0702,100,0.00114,0.0702,10.0,0.2812,1.9068,"max(structure,1.25ATR)",score,ORB 15m breakout,112.32,5.62,-6.01,106.31
dynamic_score,LTA,GBPJPY,M30,2026-02,2026-02-09 00:00:00,2026-02-09 12:00:00,SELL,213.587,214.4348,3.0,213.587,trail_stop,0.4741,90,0.232,0.0259,22.0,0.6562,,"max(structure,1.00ATR)",score,Entry Model 3 - Confirmation of Internal Structure,106.31,5.32,2.52,108.83
dynamic_score,ORB,GBPUSD,M15,2026-02,2026-02-09 00:45:00,2026-02-09 06:00:00,SELL,1.36054,1.362378,5.0,1.362378,loss,-1.0544,100,0.00147,0.0544,10.0,0.875,1.7605,"max(structure,1.25ATR)",score,ORB 15m breakout,108.83,5.44,-5.74,103.1
dynamic_score,LTA,GBPJPY,M15,2026-02,2026-02-10 00:45:00,2026-02-10 04:30:00,SELL,213.396,213.73526,3.0,212.37822,win,1.9204,91,0.148429,0.0796,27.0,0.2708,,"max(structure,0.80ATR)",score,Entry Model 1 - Double Wick Confirmation + Entry Model 3 - Confirmation of Internal Structure,103.1,5.15,9.9,113.0
dynamic_score,LTA,AUDUSD,M15,2026-02,2026-02-12 00:15:00,2026-02-12 03:45:00,BUY,0.71295,0.71184,3.0,0.71295,trail_stop,0.4189,90,0.000374,0.0811,9.0,0.1562,,"max(structure,0.80ATR)",score,Entry Model 3 - Confirmation of Internal Structure,113.0,5.65,2.37,115.36
dynamic_score,ORB,GBPUSD,M15,2026-02,2026-02-12 00:15:00,2026-02-12 04:15:00,BUY,1.36254,1.361227,5.0,1.36254,trail_stop,0.4238,100,0.00105,0.0762,10.0,0.3021,1.9066,"max(structure,1.25ATR)",score,ORB 15m breakout,115.36,5.77,2.44,117.81
dynamic_score,LTA,AUDUSD,M15,2026-02,2026-02-12 05:30:00,2026-02-12 06:30:00,BUY,0.71207,0.71104,5.0,0.71104,loss,-1.0874,97,0.000637,0.0874,9.0,0.6354,,"max(structure,1.00ATR)",score,Entry Model 1 - Double Wick Confirmation,117.81,5.89,-6.41,111.4
dynamic_score,LTA,AUDUSD,M30,2026-02,2026-02-12 07:00:00,2026-02-12 14:30:00,BUY,0.71211,0.71033,5.0,0.71211,trail_stop,0.4494,97,0.001007,0.0506,9.0,0.7292,,"max(structure,1.00ATR)",score,Entry Model 1 - Double Wick Confirmation,111.4,5.57,2.5,113.9
dynamic_score,LTA,USDCAD,M30,2026-02,2026-02-12 07:00:00,2026-02-12 15:30:00,SELL,1.35755,1.35969,3.0,1.35969,loss,-1.0701,92,0.000796,0.0701,15.0,0.5312,,"max(structure,0.80ATR)",score,Entry Model 1 - Double Wick Confirmation + Entry Model 3 - Confirmation of Internal Structure,113.9,5.7,-6.09,107.81
dynamic_score,LTA,AUDUSD,M15,2026-02,2026-02-13 01:00:00,2026-02-13 04:45:00,BUY,0.70906,0.70797,3.0,0.70797,loss,-1.0826,92,0.000456,0.0826,9.0,0.1354,,"max(structure,0.80ATR)",score,Entry Model 3 - Confirmation of Internal Structure,107.81,5.39,-5.84,101.97
dynamic_score,LTA,AUDUSD,M15,2026-02,2026-02-16 07:00:00,2026-02-16 08:45:00,SELL,0.70848,0.70955,6.0,0.70955,loss,-1.0841,99,0.000458,0.0841,9.0,0.0833,,"max(structure,0.80ATR)",score,Entry Model 1 - Double Wick Confirmation + Entry Model 3 - Confirmation of Internal Structure,101.97,5.1,-5.53,96.45
dynamic_score,LTA,GBPJPY,M15,2026-02,2026-02-17 00:00:00,2026-02-17 07:00:00,SELL,209.071,209.4995,3.0,207.7855,win,1.9487,92,0.116643,0.0513,22.0,0.6979,,"max(structure,1.00ATR)",score,Entry Model 1 - Double Wick Confirmation + Entry Model 3 - Confirmation of Internal Structure,96.45,4.82,9.4,105.84
dynamic_score,LTA,AUDUSD,M30,2026-02,2026-02-17 04:00:00,2026-02-17 11:30:00,BUY,0.70592,0.7045,5.0,0.70592,trail_stop,0.4366,95,0.000664,0.0634,9.0,0.3125,,"max(structure,0.80ATR)",score,Entry Model 1 - Double Wick Confirmation + Entry Model 3 - Confirmation of Internal Structure,105.84,5.29,2.31,108.15
dynamic_score,LTA,AUDUSD,M30,2026-02,2026-02-18 07:00:00,2026-02-18 08:00:00,SELL,0.70649,0.70744,6.0,0.70744,loss,-1.0947,99,0.000544,0.0947,9.0,0.2917,,"max(structure,0.80ATR)",score,Entry Model 1 - Double Wick Confirmation,108.15,5.41,-5.92,102.23
dynamic_score,LTA,GBPJPY,M30,2026-02,2026-02-19 04:30:00,2026-02-19 07:30:00,SELL,209.148,209.48368,5.0,209.48368,loss,-1.0655,95,0.2045,0.0655,22.0,0.5104,,"max(structure,0.80ATR)",score,Entry Model 1 - Double Wick Confirmation + Entry Model 3 - Confirmation of Internal Structure,102.23,5.11,-5.45,96.79
dynamic_score,ORB,AUDUSD,M15,2026-02,2026-02-23 00:15:00,2026-02-23 09:00:00,SELL,0.71015,0.711375,5.0,0.708925,trail_stop,0.9265,100,0.00098,0.0735,9.0,0.6667,1.5364,"max(structure,1.25ATR)",score,ORB 15m breakout,96.79,4.84,4.48,101.27
dynamic_score,ORB,GBPUSD,M15,2026-02,2026-02-23 00:15:00,2026-02-23 06:00:00,SELL,1.35233,1.35334,6.0,1.35233,trail_stop,0.401,100,0.00101,0.099,10.0,0.6458,0.8911,"max(structure,1.00ATR)",score,ORB 15m breakout,101.27,5.06,2.03,103.3
dynamic_score,LTA,AUDUSD,M15,2026-02,2026-02-24 01:45:00,2026-02-24 05:00:00,BUY,0.70576,0.70471,3.0,0.70576,trail_stop,0.4143,91,0.000496,0.0857,9.0,0.375,,"max(structure,0.80ATR)",score,Entry Model 1 - Double Wick Confirmation,103.3,5.17,2.14,105.44
dynamic_score,LTA,GBPJPY,M15,2026-02,2026-02-24 03:45:00,2026-02-24 07:15:00,BUY,209.215,208.91434,3.0,210.11698,win,1.9268,90,0.124429,0.0732,22.0,0.3021,,"max(structure,0.80ATR)",score,Entry Model 1 - Double Wick Confirmation,105.44,5.27,10.16,115.6
dynamic_score,LTA,GBPJPY,M15,2026-02,2026-02-25 00:45:00,2026-02-25 03:00:00,SELL,210.202,210.52122,3.0,210.52122,loss,-1.0689,92,0.1215,0.0689,22.0,0.3646,,"max(structure,0.80ATR)",score,Entry Model 1 - Double Wick Confirmation + Entry Model 3 - Confirmation of Internal Structure,115.6,5.78,-6.18,109.42
dynamic_score,LTA,GBPJPY,M15,2026-02,2026-02-25 03:00:00,2026-02-26 03:15:00,BUY,210.581,209.97237,4.0,211.401,timeout,1.1375,97,0.1975,0.0361,22.0,0.875,,"max(structure,1.25ATR)",score,Entry Model 3 - Confirmation of Internal Structure,109.42,5.47,6.22,115.65
dynamic_score,LTA,GBPJPY,M15,2026-02,2026-02-27 05:15:00,2026-02-27 10:00:00,BUY,210.166,209.91757,3.0,210.41443,trail_stop,0.9114,94,0.122857,0.0886,22.0,0.2604,,"max(structure,0.80ATR)",score,Entry Model 1 - Double Wick Confirmation + Entry Model 3 - Confirmation of Internal Structure,115.65,5.78,5.27,120.92
dynamic_score,ORB,AUDUSD,M15,2026-03,2026-03-02 00:15:00,2026-03-02 05:45:00,BUY,0.70642,0.704661,5.0,0.708179,trail_stop,0.9488,100,0.001407,0.0512,9.0,1.0,0.8812,"max(structure,1.25ATR)",score,ORB 15m breakout,120.92,6.05,5.74,126.65
dynamic_score,ORB,GBPUSD,M15,2026-03,2026-03-02 00:15:00,2026-03-02 05:45:00,BUY,1.34142,1.339228,5.0,1.34142,trail_stop,0.4544,100,0.001754,0.0456,10.0,1.0,0.7984,"max(structure,1.25ATR)",score,ORB 15m breakout,126.65,6.33,2.88,129.53
dynamic_score,ORB,USDCAD,M15,2026-03,2026-03-02 00:15:00,2026-03-02 06:00:00,SELL,1.36605,1.3676,5.0,1.36605,trail_stop,0.4032,100,0.00124,0.0968,15.0,0.8542,1.368,"max(structure,1.25ATR)",score,ORB 15m breakout,129.53,6.48,2.61,132.14
dynamic_score,LTA,GBPJPY,M30,2026-03,2026-03-02 04:30:00,2026-03-02 06:30:00,BUY,210.334,209.954625,5.0,209.954625,loss,-1.058,99,0.3035,0.058,22.0,0.9375,,"max(structure,1.25ATR)",score,Entry Model 1 - Double Wick Confirmation,132.14,6.61,-6.99,125.15
dynamic_score,ORB,GBPUSD,M15,2026-03,2026-03-03 00:15:00,2026-03-03 00:45:00,SELL,1.34001,1.341035,5.0,1.341035,loss,-1.0976,100,0.00082,0.0976,10.0,0.5,1.4967,"max(structure,1.25ATR)",score,ORB 15m breakout,125.15,6.26,-6.87,118.28
dynamic_score,LTA,AUDUSD,M15,2026-03,2026-03-03 01:45:00,2026-03-03 10:30:00,SELL,0.71003,0.71234,3.0,0.7031,win,1.961,92,0.000718,0.039,9.0,0.0938,,"max(structure,0.80ATR)",score,Entry Model 3 - Confirmation of Internal Structure,118.28,5.91,11.6,129.88
dynamic_score,ORB,AUDUSD,M15,2026-03,2026-03-04 00:15:00,2026-03-04 01:30:00,SELL,0.70251,0.70426,4.0,0.70076,trail_stop,0.9486,95,0.0014,0.0514,9.0,0.0729,2.5258,"max(structure,1.25ATR)",score,ORB 15m breakout,129.88,6.49,6.16,136.04
dynamic_score,ORB,GBPUSD,M15,2026-03,2026-03-04 00:15:00,2026-03-04 01:30:00,SELL,1.3339,1.335538,5.0,1.332262,trail_stop,0.9389,100,0.00131,0.0611,10.0,0.0938,1.8986,"max(structure,1.25ATR)",score,ORB 15m breakout,136.04,6.8,6.39,142.43
dynamic_score,LTA,AUDUSD,M15,2026-03,2026-03-05 01:45:00,2026-03-05 09:00:00,SELL,0.70645,0.70896,3.0,0.70394,trail_stop,0.9641,91,0.000606,0.0359,9.0,0.2292,,"max(structure,0.80ATR)",score,Entry Model 1 - Double Wick Confirmation + Entry Model 3 - Confirmation of Internal Structure,142.43,7.12,6.87,149.29
dynamic_score,ORB,AUDUSD,M15,2026-03,2026-03-06 00:15:00,2026-03-06 05:00:00,BUY,0.70165,0.7006,4.0,0.7027,trail_stop,0.9143,95,0.00084,0.0857,9.0,0.5,2.2105,"max(structure,1.25ATR)",score,ORB 15m breakout,149.29,7.46,6.82,156.12
dynamic_score,ORB,AUDUSD,M15,2026-03,2026-03-08 23:15:00,2026-03-09 00:00:00,SELL,0.69757,0.69849,6.0,0.69757,trail_stop,0.4022,100,0.001015,0.0978,9.0,0.5104,0.9064,"max(structure,0.80ATR)",score,ORB 15m breakout,156.12,7.81,3.14,159.26
dynamic_score,ORB,GBPUSD,M15,2026-03,2026-03-08 23:15:00,2026-03-09 05:15:00,SELL,1.33103,1.332812,6.0,1.33103,trail_stop,0.4439,100,0.001782,0.0561,10.0,0.75,0.679,"max(structure,1.00ATR)",score,ORB 15m breakout,159.26,7.96,3.53,162.79
dynamic_score,ORB,USDCAD,M15,2026-03,2026-03-08 23:15:00,2026-03-09 02:30:00,BUY,1.35959,1.357532,5.0,1.357532,loss,-1.0729,100,0.001646,0.0729,15.0,0.9688,0.5284,"max(structure,1.25ATR)",score,ORB 15m breakout,162.79,8.14,-8.73,154.06
dynamic_score,ORB,USDCHF,M15,2026-03,2026-03-08 23:15:00,2026-03-09 05:15:00,BUY,0.78091,0.779185,5.0,0.779185,loss,-1.0754,100,0.00138,0.0754,13.0,0.7917,1.6844,"max(structure,1.25ATR)",score,ORB 15m breakout,154.06,7.7,-8.28,145.77
dynamic_score,LTA,GBPJPY,M15,2026-03,2026-03-09 00:15:00,2026-03-09 04:00:00,BUY,210.784,210.490696,2.0,211.370607,win,1.425,90,0.234643,0.075,22.0,0.8542,,"max(structure,1.25ATR)",score,Entry Model 1 - Double Wick Confirmation,145.77,7.29,10.39,156.16
dynamic_score,LTA,AUDUSD,M30,2026-03,2026-03-11 00:00:00,2026-03-11 07:30:00,BUY,0.71334,0.71109,3.0,0.71559,trail_stop,0.96,92,0.001001,0.04,9.0,0.0208,,"max(structure,0.80ATR)",score,Entry Model 2 - Internal Swing Confirmation,156.16,7.81,7.5,163.66
dynamic_score,LTA,AUDUSD,M15,2026-03,2026-03-12 01:45:00,2026-03-12 06:00:00,SELL,0.71502,0.71615,3.0,0.71163,win,1.9204,92,0.000759,0.0796,9.0,0.3438,,"max(structure,0.80ATR)",score,Entry Model 1 - Double Wick Confirmation,163.66,8.18,15.71,179.37
dynamic_score,LTA,GBPJPY,M15,2026-03,2026-03-13 04:45:00,2026-03-13 08:15:00,SELL,212.638,212.88176,5.0,211.4192,win,2.9097,96,0.098429,0.0903,22.0,0.2396,,"max(structure,0.80ATR)",score,Entry Model 1 - Double Wick Confirmation,179.37,8.97,26.1,205.47
dynamic_score,LTA,GBPJPY,M30,2026-03,2026-03-18 00:30:00,2026-03-18 05:00:00,BUY,212.373,212.10706,5.0,212.10706,loss,-1.0827,97,0.112929,0.0827,22.0,0.0521,,"max(structure,0.80ATR)",score,Entry Model 3 - Confirmation of Internal Structure,205.47,10.27,-11.12,194.34
dynamic_score,ORB,GBPUSD,M15,2026-03,2026-03-22 23:15:00,2026-03-23 00:30:00,BUY,1.3332,1.332061,6.0,1.332061,loss,-1.0878,100,0.001424,0.0878,10.0,0.5729,0.7376,"max(structure,0.80ATR)",score,ORB 15m breakout,194.34,9.72,-10.57,183.77
dynamic_score,LTA,AUDUSD,M15,2026-03,2026-03-23 00:15:00,2026-03-23 01:00:00,SELL,0.70066,0.70162,6.0,0.70066,trail_stop,0.4063,99,0.000836,0.0937,9.0,0.5521,,"max(structure,0.80ATR)",score,Entry Model 2 - Internal Swing Confirmation,183.77,9.19,3.73,187.51
dynamic_score,LTA,AUDUSD,M30,2026-03,2026-03-24 06:00:00,2026-03-24 08:00:00,BUY,0.69759,0.69529,3.0,0.69759,trail_stop,0.4609,90,0.001354,0.0391,9.0,0.5833,,"max(structure,0.80ATR)",score,Entry Model 3 - Confirmation of Internal Structure,187.51,9.38,4.32,191.83
dynamic_score,LTA,AUDUSD,M15,2026-03,2026-03-25 01:00:00,2026-03-25 08:00:00,SELL,0.69905,0.70046,3.0,0.69764,trail_stop,0.9362,91,0.000766,0.0638,9.0,0.1146,,"max(structure,0.80ATR)",score,Entry Model 1 - Double Wick Confirmation,191.83,9.59,8.98,200.81
dynamic_score,LTA,AUDUSD,M15,2026-03,2026-03-26 03:15:00,2026-03-26 09:30:00,BUY,0.69461,0.6931,3.0,0.6931,loss,-1.0596,94,0.00054,0.0596,9.0,0.3646,,"max(structure,0.80ATR)",score,Entry Model 2 - Internal Swing Confirmation,200.81,10.04,-10.64,190.17
dynamic_score,LTA,USDCAD,M15,2026-03,2026-03-27 00:15:00,2026-03-30 00:30:00,BUY,1.38592,1.38441,3.0,1.38894,timeout,1.4073,94,0.000346,0.0927,14.0,0.2292,,"max(structure,0.80ATR)",score,Entry Model 1 - Double Wick Confirmation,190.17,9.51,13.38,203.55
dynamic_score,LTA,GBPJPY,M30,2026-03,2026-03-27 00:30:00,2026-03-27 05:00:00,SELL,212.742,213.01014,5.0,213.01014,loss,-1.082,97,0.147571,0.082,22.0,0.3229,,"max(structure,0.80ATR)",score,Entry Model 2 - Internal Swing Confirmation,203.55,10.18,-11.01,192.54
dynamic_score,ORB,AUDUSD,M15,2026-03,2026-03-29 23:45:00,2026-03-30 01:30:00,SELL,0.68483,0.685917,5.0,0.685917,loss,-1.0828,100,0.000869,0.0828,9.0,0.8542,0.7247,"max(structure,1.25ATR)",score,ORB 15m breakout,192.54,9.63,-10.42,182.11
dynamic_score,ORB,AUDUSD,M15,2026-03,2026-03-30 23:30:00,2026-03-31 00:45:00,SELL,0.68442,0.685495,4.0,0.685495,loss,-1.0837,95,0.00086,0.0837,9.0,0.0417,2.408,"max(structure,1.25ATR)",score,ORB 15m breakout,182.11,9.11,-9.87,172.25
dynamic_score,ORB,GBPUSD,M15,2026-03,2026-03-30 23:30:00,2026-03-31 00:30:00,SELL,1.31694,1.318115,5.0,1.318115,loss,-1.0851,100,0.00094,0.0851,10.0,0.0104,1.9496,"max(structure,1.25ATR)",score,ORB 15m breakout,172.25,8.61,-9.35,162.9
dynamic_score,LTA,AUDUSD,M15,2026-03,2026-03-31 01:00:00,2026-03-31 01:15:00,SELL,0.68558,0.68648,3.0,0.68648,loss,-1.1,92,0.000684,0.1,9.0,0.6979,,"max(structure,1.00ATR)",score,Entry Model 2 - Internal Swing Confirmation,162.9,8.15,-8.96,153.94
dynamic_score,LTA,GBPJPY,M15,2026-04,2026-04-02 01:45:00,2026-04-02 03:45:00,BUY,211.088,210.84002,3.0,210.84002,loss,-1.0887,92,0.1465,0.0887,22.0,0.5833,,"max(structure,0.80ATR)",score,Entry Model 1 - Double Wick Confirmation,153.94,7.7,-8.38,145.56
dynamic_score,ORB,AUDUSD,M15,2026-04,2026-04-05 23:15:00,2026-04-06 00:45:00,SELL,0.68859,0.689526,5.0,0.689526,loss,-1.0962,100,0.000749,0.0962,9.0,0.9583,0.6011,"max(structure,1.25ATR)",score,ORB 15m breakout,145.56,7.28,-7.98,137.58
dynamic_score,ORB,AUDUSD,M15,2026-04,2026-04-07 23:15:00,2026-04-08 08:30:00,BUY,0.7069,0.70355,4.0,0.70355,loss,-1.0269,95,0.00268,0.0269,9.0,0.9896,2.1102,"max(structure,1.25ATR)",score,ORB 15m breakout,137.58,6.88,-7.06,130.52
dynamic_score,ORB,GBPUSD,M15,2026-04,2026-04-07 23:15:00,2026-04-07 23:30:00,BUY,1.33826,1.33626,5.0,1.33826,trail_stop,0.45,100,0.0016,0.05,10.0,1.0,1.0571,"max(structure,1.25ATR)",score,ORB 15m breakout,130.52,6.53,2.94,133.46
dynamic_score,ORB,NZDUSD,M15,2026-04,2026-04-07 23:15:00,2026-04-08 00:45:00,BUY,0.58058,0.578542,5.0,0.578542,loss,-1.0687,100,0.00163,0.0687,14.0,1.0,1.3329,"max(structure,1.25ATR)",score,ORB 15m breakout,133.46,6.67,-7.13,126.32
dynamic_score,ORB,USDCHF,M15,2026-04,2026-04-07 23:15:00,2026-04-08 16:00:00,SELL,0.79202,0.793782,5.0,0.790257,trail_stop,0.9262,100,0.00141,0.0738,13.0,1.0,1.7225,"max(structure,1.25ATR)",score,ORB 15m breakout,126.32,6.32,5.85,132.17
dynamic_score,LTA,GBPJPY,M15,2026-04,2026-04-08 00:15:00,2026-04-08 10:00:00,SELL,212.42,212.80798,2.0,212.80798,loss,-1.0567,92,0.193214,0.0567,22.0,0.9896,,"max(structure,1.25ATR)",score,Entry Model 3 - Confirmation of Internal Structure,132.17,6.61,-6.98,125.19
dynamic_score,LTA,USDCAD,M30,2026-04,2026-04-08 06:00:00,2026-04-08 12:30:00,BUY,1.38415,1.38219,5.0,1.38415,trail_stop,0.4286,96,0.000917,0.0714,14.0,0.6979,,"max(structure,1.00ATR)",score,Entry Model 1 - Double Wick Confirmation + Entry Model 3 - Confirmation of Internal Structure,125.19,6.26,2.68,127.87
dynamic_score,ORB,AUDUSD,M15,2026-04,2026-04-12 23:15:00,2026-04-13 00:15:00,SELL,0.70157,0.702906,4.0,0.702906,loss,-1.0674,95,0.001069,0.0674,9.0,1.0,0.4773,"max(structure,1.25ATR)",score,ORB 15m breakout,127.87,6.39,-6.82,121.05
dynamic_score,ORB,GBPUSD,M15,2026-04,2026-04-12 23:15:00,2026-04-13 01:00:00,SELL,1.33873,1.340357,5.0,1.340357,loss,-1.0615,100,0.001301,0.0615,10.0,1.0,0.6762,"max(structure,1.25ATR)",score,ORB 15m breakout,121.05,6.05,-6.42,114.62
dynamic_score,LTA,AUDUSD,M15,2026-04,2026-04-16 01:45:00,2026-04-16 08:00:00,BUY,0.71764,0.7162,5.0,0.71764,trail_stop,0.4375,97,0.000427,0.0625,9.0,0.5208,,"max(structure,0.80ATR)",score,Entry Model 1 - Double Wick Confirmation + Entry Model 3 - Confirmation of Internal Structure,114.62,5.73,2.51,117.13
dynamic_score,ORB,AUDUSD,M15,2026-04,2026-04-19 23:15:00,2026-04-19 23:45:00,BUY,0.71438,0.713123,4.0,0.713123,loss,-1.0716,95,0.001006,0.0716,9.0,0.8958,0.3679,"max(structure,1.25ATR)",score,ORB 15m breakout,117.13,5.86,-6.28,110.86
dynamic_score,LTA,USDCAD,M30,2026-04,2026-04-20 00:00:00,2026-04-20 14:00:00,SELL,1.36964,1.37104,2.0,1.36684,win,1.4,90,0.000943,0.1,14.0,0.8021,,"max(structure,1.25ATR)",score,Entry Model 1 - Double Wick Confirmation + Entry Model 3 - Confirmation of Internal Structure,110.86,5.54,7.76,118.62
dynamic_score,LTA,AUDUSD,M15,2026-04,2026-04-23 00:15:00,2026-04-23 10:30:00,BUY,0.7161,0.71359,3.0,0.71359,loss,-1.0359,91,0.000491,0.0359,9.0,0.5625,,"max(structure,0.80ATR)",score,Entry Model 3 - Confirmation of Internal Structure,118.62,5.93,-6.14,112.47
dynamic_score,LTA,AUDUSD,M30,2026-04,2026-04-28 03:00:00,2026-04-28 05:30:00,BUY,0.71826,0.71728,3.0,0.71728,loss,-1.0918,93,0.000462,0.0918,9.0,0.125,,"max(structure,0.80ATR)",score,Entry Model 1 - Double Wick Confirmation + Entry Model 3 - Confirmation of Internal Structure,112.47,5.62,-6.14,106.33
dynamic_score,LTA,AUDUSD,M15,2026-04,2026-04-29 01:00:00,2026-04-29 12:15:00,SELL,0.71774,0.71898,3.0,0.7165,trail_stop,0.9274,91,0.000314,0.0726,9.0,0.2188,,"max(structure,0.80ATR)",score,Entry Model 3 - Confirmation of Internal Structure,106.33,5.32,4.93,111.26
dynamic_score,LTA,AUDUSD,M15,2026-05,2026-05-05 00:15:00,2026-05-05 07:00:00,SELL,0.71602,0.71715,5.0,0.71489,trail_stop,0.9204,97,0.000216,0.0796,9.0,0.0729,,"max(structure,0.80ATR)",score,Entry Model 1 - Double Wick Confirmation + Entry Model 3 - Confirmation of Internal Structure,111.26,5.56,5.12,116.38
dynamic_score,ORB,AUDUSD,M15,2026-05,2026-05-05 23:15:00,2026-05-06 07:15:00,BUY,0.72054,0.71914,4.0,0.72334,trail_stop,1.4357,95,0.00112,0.0643,9.0,0.375,3.4236,"max(structure,1.25ATR)",score,ORB 15m breakout,116.38,5.82,8.35,124.74
dynamic_score,ORB,GBPUSD,M15,2026-05,2026-05-05 23:15:00,2026-05-06 13:00:00,BUY,1.35773,1.355093,4.0,1.360368,trail_stop,0.9621,95,0.00211,0.0379,10.0,0.4792,4.7955,"max(structure,1.25ATR)",score,ORB 15m breakout,124.74,6.24,6.0,130.74
dynamic_score,ORB,NZDUSD,M15,2026-05,2026-05-05 23:15:00,2026-05-06 10:45:00,BUY,0.59084,0.58894,4.0,0.59844,win,2.4263,95,0.00152,0.0737,14.0,0.6354,4.1401,"max(structure,1.25ATR)",score,ORB 15m breakout,130.74,6.54,15.86,146.6
dynamic_score,ORB,USDCHF,M15,2026-05,2026-05-05 23:15:00,2026-05-06 07:00:00,SELL,0.78098,0.782443,4.0,0.78098,trail_stop,0.4111,95,0.00117,0.0889,13.0,0.5104,4.5754,"max(structure,1.25ATR)",score,ORB 15m breakout,146.6,7.33,3.01,149.61
dynamic_score,LTA,GBPJPY,M30,2026-05,2026-05-07 00:30:00,2026-05-07 07:30:00,SELL,212.466,212.75922,3.0,212.75922,loss,-1.075,91,0.174786,0.075,22.0,0.5208,,"max(structure,0.80ATR)",score,Entry Model 1 - Double Wick Confirmation,149.61,7.48,-8.04,141.57
dynamic_score,ORB,GBPUSD,M15,2026-05,2026-05-10 23:15:00,2026-05-11 10:00:00,BUY,1.3592,1.357413,4.0,1.3592,trail_stop,0.444,95,0.001429,0.056,10.0,0.9479,0.1889,"max(structure,1.25ATR)",score,ORB 15m breakout,141.57,7.08,3.14,144.71
dynamic_score,LTA,USDCAD,M30,2026-05,2026-05-11 06:00:00,2026-05-11 19:30:00,SELL,1.3676,1.36949,6.0,1.3676,trail_stop,0.4259,98,0.000526,0.0741,14.0,0.25,,"max(structure,0.80ATR)",score,Entry Model 1 - Double Wick Confirmation,144.71,7.24,3.08,147.8
dynamic_score,LTA,AUDUSD,M30,2026-05,2026-05-12 06:00:00,2026-05-12 19:00:00,SELL,0.72187,0.72375,6.0,0.72375,loss,-1.0479,100,0.00073,0.0479,9.0,0.7708,,"max(structure,1.00ATR)",score,Entry Model 1 - Double Wick Confirmation,147.8,7.39,-7.74,140.05
dynamic_score,ORB,GBPUSD,M15,2026-05,2026-05-14 23:15:00,2026-05-15 07:15:00,SELL,1.33852,1.340232,4.0,1.336807,trail_stop,0.9416,95,0.00137,0.0584,10.0,0.25,3.5584,"max(structure,1.25ATR)",score,ORB 15m breakout,140.05,7.0,6.59,146.65
dynamic_score,LTA,GBPJPY,M30,2026-05,2026-05-20 00:30:00,2026-05-20 13:30:00,SELL,212.877,213.17284,6.0,213.17284,loss,-1.0744,98,0.112286,0.0744,22.0,0.0833,,"max(structure,0.80ATR)",score,Entry Model 2 - Internal Swing Confirmation,146.65,7.33,-7.88,138.77
dynamic_score,LTA,AUDUSD,M30,2026-05,2026-05-20 01:30:00,2026-05-20 14:00:00,BUY,0.71008,0.70858,3.0,0.71158,trail_stop,0.94,92,0.000591,0.06,9.0,0.0833,,"max(structure,0.80ATR)",score,Entry Model 2 - Internal Swing Confirmation,138.77,6.94,6.52,145.29
dynamic_score,LTA,AUDUSD,M30,2026-05,2026-05-27 01:30:00,2026-05-28 12:30:00,SELL,0.71558,0.71798,3.0,0.71318,trail_stop,0.9625,91,0.000458,0.0375,9.0,0.3542,,"max(structure,0.80ATR)",score,Entry Model 3 - Confirmation of Internal Structure,145.29,7.26,6.99,152.28
dynamic_score,ORB,NZDUSD,M15,2026-05,2026-05-29 00:15:00,2026-06-01 00:15:00,BUY,0.59458,0.592993,4.0,0.59751,timeout,1.3346,95,0.00127,0.0882,14.0,0.4271,4.6789,"max(structure,1.25ATR)",score,ORB 15m breakout,152.28,7.61,10.16,162.44
dynamic_score,LTA,AUDUSD,M30,2026-06,2026-06-01 06:00:00,2026-06-01 15:00:00,SELL,0.71808,0.71908,6.0,0.71508,trail_stop,1.91,98,0.000512,0.09,9.0,0.2083,,"max(structure,0.80ATR)",score,Entry Model 1 - Double Wick Confirmation + Entry Model 3 - Confirmation of Internal Structure,162.44,8.12,15.51,177.96
dynamic_score,LTA,AUDUSD,M15,2026-06,2026-06-02 01:00:00,2026-06-02 01:45:00,BUY,0.71658,0.71563,5.0,0.71563,loss,-1.0947,95,0.00037,0.0947,9.0,0.5,,"max(structure,0.80ATR)",score,Entry Model 3 - Confirmation of Internal Structure,177.96,8.9,-9.74,168.22
dynamic_score,ORB,AUDUSD,M15,2026-06,2026-06-03 23:15:00,2026-06-04 11:00:00,SELL,0.71287,0.713882,4.0,0.713882,loss,-1.0889,95,0.00081,0.0889,9.0,0.2083,3.4892,"max(structure,1.25ATR)",score,ORB 15m breakout,168.22,8.41,-9.16,159.06
dynamic_score,LTA,GBPJPY,M15,2026-06,2026-06-04 04:45:00,2026-06-04 21:00:00,BUY,214.703,214.33387,5.0,214.703,trail_stop,0.4404,96,0.074214,0.0596,22.0,0.3542,,"max(structure,0.80ATR)",score,Entry Model 2 - Internal Swing Confirmation,159.06,7.95,3.5,162.56
dynamic_score,LTA,AUDUSD,M30,2026-06,2026-06-09 03:00:00,2026-06-09 05:30:00,SELL,0.70434,0.70594,5.0,0.70594,loss,-1.0562,97,0.000554,0.0562,9.0,0.125,,"max(structure,0.80ATR)",score,Entry Model 2 - Internal Swing Confirmation,162.56,8.13,-8.58,153.98
dynamic_score,LTA,AUDUSD,M30,2026-06,2026-06-11 04:30:00,2026-06-11 08:00:00,BUY,0.70082,0.69963,5.0,0.69963,loss,-1.0756,96,0.000709,0.0756,9.0,0.375,,"max(structure,0.80ATR)",score,Entry Model 1 - Double Wick Confirmation,153.98,7.7,-8.28,145.69
dynamic_score,LTA,GBPJPY,M15,2026-06,2026-06-16 03:15:00,2026-06-16 09:00:00,BUY,214.741,214.50731,2.0,215.20838,win,1.4059,93,0.097929,0.0941,22.0,0.8125,,"max(structure,1.25ATR)",score,Entry Model 1 - Double Wick Confirmation + Entry Model 3 - Confirmation of Internal Structure,145.69,7.28,10.24,155.94
dynamic_score,LTA,GBPJPY,M15,2026-06,2026-06-19 05:30:00,2026-06-19 13:15:00,BUY,212.697,212.43711,5.0,213.21678,trail_stop,1.4153,96,0.105929,0.0847,22.0,0.1875,,"max(structure,0.80ATR)",score,Entry Model 3 - Confirmation of Internal Structure,155.94,7.8,11.03,166.97
dynamic_score,LTA,USDCAD,M30,2026-06,2026-06-19 06:00:00,2026-06-19 13:00:00,SELL,1.41379,1.41598,5.0,1.41598,loss,-1.0639,96,0.000632,0.0639,14.0,0.3646,,"max(structure,0.80ATR)",score,Entry Model 3 - Confirmation of Internal Structure,166.97,8.35,-8.88,158.09
dynamic_score,ORB,GBPUSD,M15,2026-06,2026-06-21 23:15:00,2026-06-22 00:45:00,SELL,1.32078,1.322148,4.0,1.322148,loss,-1.0731,95,0.001094,0.0731,10.0,0.8958,0.1645,"max(structure,1.25ATR)",score,ORB 15m breakout,158.09,7.9,-8.48,149.61
dynamic_score,LTA,AUDUSD,M30,2026-06,2026-06-22 01:30:00,2026-06-22 12:00:00,SELL,0.70093,0.70196,3.0,0.70093,trail_stop,0.4126,90,0.000623,0.0874,9.0,0.4896,,"max(structure,0.80ATR)",score,Entry Model 1 - Double Wick Confirmation,149.61,7.48,3.09,152.69
