rr,symbol,timeframe,session,weekday,trades,wins,losses,timeouts,win_rate,net_r,avg_r,profit_factor,months,positive_months,negative_months,avg_monthly_r,median_monthly_r,worst_month_r,consistency_pct,score
4,USDCAD,M30,Asia 19-02 NY,Mon,5,4,1,0,80.0,15.0,3.0,16.0,4,3,1,3.75,4.0,-1.0,75.0,114.0
6,AUDUSD,M30,Asia 19-02 NY,Tue,5,3,2,0,60.0,16.0,3.2,9.0,4,3,1,4.0,5.5,-1.0,75.0,83.0
4,GBPJPY,M15,Asia 19-02 NY,Tue,6,4,2,0,66.67,14.0,2.3333,8.0,5,4,1,2.8,4.0,-1.0,80.0,77.0
5,AUDUSD,M30,Asia 19-02 NY,Tue,5,3,2,0,60.0,13.0,2.6,7.5,4,3,1,3.25,4.5,-1.0,75.0,70.5
6,NZDUSD,M15,London pre-overlap 03-08 NY,Wed,5,2,2,1,40.0,13.04,2.6076,7.52,4,3,1,3.26,4.02,-1.0,75.0,69.68
1,USDCAD,M15,Asia 19-02 NY,Tue,7,7,0,0,100.0,7.0,1.0,7.0,6,6,0,1.17,1.0,1.0,100.0,69.0
5,GBPJPY,M15,London/NY overlap 08-12 NY,Tue,6,2,2,2,33.33,12.63,2.1053,7.32,5,3,2,2.53,4.31,-1.0,60.0,68.85
2,AUDUSD,M30,Asia 19-02 NY,Tue,5,4,1,0,80.0,7.0,1.4,8.0,4,4,0,1.75,2.0,1.0,100.0,68.0
2,NZDUSD,M30,London pre-overlap 03-08 NY,Wed,5,4,1,0,80.0,7.0,1.4,8.0,4,4,0,1.75,2.0,1.0,100.0,68.0
6,GBPJPY,M15,London/NY overlap 08-12 NY,Tue,6,1,2,3,16.67,12.31,2.0522,7.16,5,3,2,2.46,3.68,-1.0,60.0,66.47
6,GBPJPY,M15,Asia 19-02 NY,Tue,6,3,3,0,50.0,15.0,2.5,6.0,5,3,2,3.0,5.0,-1.0,60.0,66.0
2,USDCAD,M30,London pre-overlap 03-08 NY,Thu,5,4,1,0,80.0,7.0,1.4,8.0,5,4,1,1.4,2.0,-1.0,80.0,66.0
5,NZDUSD,M15,London pre-overlap 03-08 NY,Wed,5,2,2,1,40.0,11.04,2.2076,6.52,4,3,1,2.76,3.52,-1.0,75.0,61.68
5,USDCAD,M30,Asia 19-02 NY,Mon,5,3,2,0,60.0,13.0,2.6,7.5,4,2,2,3.25,2.0,-1.0,50.0,61.5
6,USDCAD,M30,Asia 19-02 NY,Mon,5,2,2,1,40.0,12.64,2.5289,7.32,4,2,2,3.16,2.5,-1.0,50.0,61.24
5,XAUUSD,M15,London/NY overlap 08-12 NY,Tue,8,3,3,2,37.5,14.95,1.8687,5.98,5,4,1,2.99,1.18,-2.0,80.0,61.21
6,EURJPY,M30,Asia 19-02 NY,Mon,6,2,3,1,33.33,12.32,2.054,5.11,2,2,0,6.16,6.16,3.0,100.0,61.19
3,AUDUSD,M15,London/NY overlap 08-12 NY,Wed,6,4,2,0,66.67,10.0,1.6667,6.0,5,4,1,2.0,3.0,-1.0,80.0,61.0
3,GBPJPY,M15,Asia 19-02 NY,Tue,6,4,2,0,66.67,10.0,1.6667,6.0,5,4,1,2.0,3.0,-1.0,80.0,61.0
4,GBPJPY,M15,London/NY overlap 08-12 NY,Tue,6,3,2,1,50.0,10.32,1.7208,6.16,5,3,2,2.06,4.0,-1.0,60.0,60.12
4,EURGBP,H1,London pre-overlap 03-08 NY,Wed,5,2,1,2,40.0,8.38,1.6756,6.87,4,3,1,2.09,2.4,-0.43,75.0,59.1
5,EURJPY,M30,Asia 19-02 NY,Mon,6,3,3,0,50.0,12.0,2.0,5.0,2,2,0,6.0,6.0,2.0,100.0,59.0
4,USDCAD,M30,London pre-overlap 03-08 NY,Thu,5,3,2,0,60.0,10.0,2.0,6.0,5,3,2,2.0,4.0,-1.0,60.0,59.0
6,USDCAD,M30,London pre-overlap 03-08 NY,Thu,5,2,2,1,40.0,11.34,2.2673,6.67,5,3,2,2.27,1.34,-1.0,60.0,58.37
4,AUDUSD,M30,Asia 19-02 NY,Tue,5,3,2,0,60.0,10.0,2.0,6.0,4,3,1,2.5,3.5,-1.0,75.0,58.0
4,NZDUSD,M30,London pre-overlap 03-08 NY,Wed,5,3,2,0,60.0,10.0,2.0,6.0,4,3,1,2.5,3.5,-1.0,75.0,58.0
3,AUDUSD,H1,London pre-overlap 03-08 NY,Fri,6,4,2,0,66.67,10.0,1.6667,6.0,5,3,2,2.0,3.0,-1.0,60.0,57.0
1,EURUSD,M15,London pre-overlap 03-08 NY,Wed,8,6,1,1,75.0,5.13,0.641,6.13,6,5,1,0.85,1.0,-1.0,83.33,56.78
5,GBPJPY,M15,Asia 19-02 NY,Tue,6,3,3,0,50.0,12.0,2.0,5.0,5,3,2,2.4,4.0,-1.0,60.0,56.0
3,USDCAD,M30,Asia 19-02 NY,Mon,6,4,2,0,66.67,10.0,1.6667,6.0,4,3,1,2.5,3.0,-2.0,75.0,56.0
3,EURGBP,H1,London pre-overlap 03-08 NY,Wed,5,3,1,1,60.0,7.57,1.5145,6.3,4,3,1,1.89,2.5,-0.43,75.0,55.64
4,NZDUSD,M15,London pre-overlap 03-08 NY,Wed,5,2,2,1,40.0,9.04,1.8076,5.52,4,3,1,2.26,3.02,-1.0,75.0,53.68
4,XAUUSD,M15,London/NY overlap 08-12 NY,Tue,8,3,3,2,37.5,11.95,1.4937,4.98,5,4,1,2.39,1.18,-2.0,80.0,53.21
1,USDCAD,M30,London pre-overlap 03-08 NY,Thu,5,5,0,0,100.0,5.0,1.0,5.0,5,5,0,1.0,1.0,1.0,100.0,53.0
2,NZDUSD,M15,London pre-overlap 03-08 NY,Thu,7,5,2,0,71.43,8.0,1.1429,5.0,6,4,2,1.33,2.0,-1.0,66.67,52.0
1,USDJPY,M15,Asia 19-02 NY,Thu,7,6,1,0,85.71,5.0,0.7143,6.0,5,4,1,1.0,1.0,-1.0,80.0,52.0
5,USDCAD,M30,London pre-overlap 03-08 NY,Thu,5,2,2,1,40.0,9.34,1.8673,5.67,5,3,2,1.87,1.34,-1.0,60.0,51.37
6,EURGBP,H1,London pre-overlap 03-08 NY,Wed,5,0,1,4,0.0,7.17,1.4345,6.02,4,3,1,1.79,1.25,-0.43,75.0,51.34
2,USDCAD,M30,Asia 19-02 NY,Thu,9,6,3,0,66.67,9.0,1.0,4.0,6,5,1,1.5,1.5,-1.0,83.33,51.0
5,EURGBP,H1,London pre-overlap 03-08 NY,Wed,5,1,1,3,20.0,7.08,1.415,5.96,4,3,1,1.77,1.25,-0.43,75.0,50.95
5,XAUUSD,M15,London/NY overlap 08-12 NY,Thu,5,2,2,1,40.0,8.85,1.7692,5.42,5,3,2,1.77,0.85,-1.0,60.0,48.65
2,EURGBP,M15,London/NY overlap 08-12 NY,Mon,10,6,4,0,60.0,8.0,0.8,3.0,7,6,1,1.14,1.0,-1.0,85.71,48.0
2,USDJPY,M15,Asia 19-02 NY,Thu,7,5,2,0,71.43,8.0,1.1429,5.0,5,3,2,1.6,2.0,-1.0,60.0,48.0
3,GBPJPY,M15,London/NY overlap 08-12 NY,Tue,6,3,2,1,50.0,7.32,1.2208,4.66,5,3,2,1.46,3.0,-1.0,60.0,47.62
4,EURJPY,M30,Asia 19-02 NY,Mon,6,3,3,0,50.0,9.0,1.5,4.0,2,2,0,4.5,4.5,1.0,100.0,47.0
1,EURGBP,M15,London/NY overlap 08-12 NY,Mon,10,8,2,0,80.0,6.0,0.6,4.0,7,5,1,0.86,1.0,-1.0,71.43,47.0
1,AUDUSD,M15,London/NY overlap 08-12 NY,Wed,6,5,1,0,83.33,4.0,0.6667,5.0,5,4,0,0.8,1.0,0.0,80.0,47.0
6,NZDUSD,M30,Asia 19-02 NY,Tue,7,2,4,1,28.57,10.98,1.5692,3.75,5,3,2,2.2,2.98,-1.0,60.0,46.69
3,USDCAD,M30,London pre-overlap 03-08 NY,Thu,5,3,2,0,60.0,7.0,1.4,4.5,5,3,2,1.4,3.0,-1.0,60.0,46.5
6,GBPUSD,M15,Asia 19-02 NY,Thu,5,2,3,0,40.0,9.0,1.8,4.0,3,2,1,3.0,5.0,-1.0,66.67,46.0
