session,range_minutes,rr,symbol,weekday,trades,wins,losses,timeouts,win_rate,net_r,avg_r,profit_factor,months,positive_months,negative_months,avg_monthly_r,median_monthly_r,worst_month_r,consistency_pct,score
19:00-02:00 America/New_York,15,4,GBPUSD,Tue,47,17,23,7,36.17,56.32,1.1984,3.45,13,11,2,4.33,4.67,-3.0,84.62,123.91
19:00-02:00 America/New_York,15,6,AUDUSD,Tue,48,13,29,6,27.08,59.43,1.2382,3.04,13,10,3,4.57,4.0,-4.0,76.92,118.63
19:00-02:00 America/New_York,15,3,GBPUSD,Tue,47,22,21,4,46.81,49.91,1.062,3.38,13,11,1,3.84,4.0,-1.37,84.62,117.44
19:00-02:00 America/New_York,15,6,NZDUSD,Thu,47,11,27,9,23.4,57.59,1.2253,3.13,13,10,3,4.43,4.0,-4.0,76.92,117.24
09:30-16:00 America/New_York,15,4,NZDUSD,Thu,44,11,17,16,25.0,42.3,0.9614,3.35,13,11,2,3.25,3.13,-1.06,84.62,108.25
09:30-16:00 America/New_York,15,6,AUDUSD,Thu,45,5,17,23,11.11,43.82,0.9739,3.49,13,10,3,3.37,4.0,-1.76,76.92,107.51
09:30-16:00 America/New_York,15,5,NZDUSD,Thu,44,8,18,18,18.18,42.3,0.9615,3.22,13,10,3,3.25,4.13,-4.0,76.92,102.66
19:00-02:00 America/New_York,15,5,NZDUSD,Thu,47,11,27,9,23.4,46.59,0.9912,2.73,13,10,3,3.58,3.0,-4.0,76.92,102.24
08:00-12:00 America/New_York,15,6,USDCHF,Thu,43,7,25,11,16.28,47.07,1.0947,2.84,13,9,4,3.62,3.89,-3.0,69.23,102.05
19:00-02:00 America/New_York,15,5,AUDUSD,Tue,48,13,29,6,27.08,46.43,0.9673,2.59,13,10,3,3.57,3.0,-4.0,76.92,101.38
03:00-12:00 America/New_York,60,5,XAUUSD,Mon,52,4,24,24,7.69,40.3,0.7749,2.62,13,11,2,3.1,3.01,-4.0,84.62,99.42
19:00-02:00 America/New_York,15,5,GBPUSD,Tue,47,12,28,7,25.53,43.32,0.9218,2.55,13,9,4,3.33,4.89,-3.0,69.23,98.85
09:30-16:00 America/New_York,15,5,AUDUSD,Thu,45,6,17,22,13.33,38.47,0.8549,3.18,13,10,3,2.96,3.0,-1.76,76.92,98.61
09:30-16:00 America/New_York,15,4,AUDUSD,Thu,45,8,17,20,17.78,35.32,0.785,3.0,13,11,2,2.72,2.69,-1.76,84.62,97.94
08:00-12:00 America/New_York,30,5,XAGUSD,Fri,49,9,26,14,18.37,39.46,0.8053,2.47,13,10,3,3.04,2.7,-1.75,76.92,95.46
03:00-12:00 America/New_York,60,6,XAUUSD,Mon,52,0,24,28,0.0,37.11,0.7136,2.49,13,11,2,2.85,2.83,-4.0,84.62,95.22
03:00-12:00 America/New_York,60,4,XAUUSD,Mon,52,7,24,21,13.46,37.54,0.7219,2.51,13,11,2,2.89,2.4,-4.0,84.62,94.89
09:30-16:00 America/New_York,15,4,US30,Thu,48,7,19,22,14.58,30.99,0.6457,2.53,13,12,1,2.38,2.24,-1.33,92.31,94.79
03:00-12:00 America/New_York,15,6,XAGUSD,Mon,51,10,34,7,19.61,42.65,0.8364,2.25,13,9,4,3.28,3.0,-1.28,69.23,94.62
09:30-16:00 America/New_York,15,3,NZDUSD,Thu,44,15,17,12,34.09,34.88,0.7928,2.94,13,10,2,2.68,2.86,-1.06,76.92,94.24
08:00-12:00 America/New_York,30,6,XAGUSD,Fri,49,4,26,19,8.16,38.35,0.7827,2.43,13,10,3,2.95,2.7,-1.75,76.92,94.15
03:00-12:00 America/New_York,15,5,XAGUSD,Mon,51,12,34,5,23.53,36.35,0.7128,2.07,13,11,2,2.8,2.0,-1.0,84.62,93.7
19:00-02:00 America/New_York,15,3,AUDUSD,Tue,48,21,25,2,43.75,38.06,0.793,2.52,13,10,3,2.93,3.0,-3.0,76.92,93.66
19:00-02:00 America/New_York,15,3,NZDUSD,Thu,47,17,23,7,36.17,38.53,0.8199,2.68,13,10,1,2.96,2.0,-2.64,76.92,93.29
08:00-12:00 America/New_York,30,6,EURUSD,Thu,42,2,17,23,4.76,37.22,0.8862,3.04,12,9,3,3.1,3.1,-1.92,75.0,92.7
08:00-12:00 America/New_York,15,5,USDCHF,Thu,43,9,25,9,20.93,40.65,0.9454,2.59,13,9,4,3.13,3.0,-3.0,69.23,92.6
19:00-02:00 America/New_York,30,6,US30,Mon,51,5,25,21,9.8,37.46,0.7345,2.44,13,10,3,2.88,3.0,-3.1,76.92,92.56
19:00-02:00 America/New_York,15,6,US30,Mon,50,8,30,12,16.0,38.09,0.7619,2.24,13,10,3,2.93,2.96,-3.07,76.92,92.14
03:00-12:00 America/New_York,30,6,XAUUSD,Mon,50,5,28,17,10.0,38.11,0.7621,2.34,13,10,3,2.93,3.0,-4.0,76.92,91.81
03:00-12:00 America/New_York,30,6,US30,Fri,51,9,34,8,17.65,35.99,0.7056,2.05,13,11,2,2.77,3.0,-5.0,84.62,91.24
19:00-02:00 America/New_York,15,6,GBPUSD,Tue,47,9,30,8,19.15,40.04,0.8519,2.33,13,9,4,3.08,3.27,-3.0,69.23,91.23
08:00-12:00 America/New_York,30,5,EURUSD,Thu,42,3,17,22,7.14,36.48,0.8685,3.0,12,9,3,3.04,2.6,-1.92,75.0,90.76
09:30-16:00 America/New_York,30,6,XAGUSD,Fri,47,3,13,31,6.38,37.47,0.7972,3.22,13,9,4,2.88,1.83,-2.79,69.23,90.44
08:00-12:00 America/New_York,30,5,AUDUSD,Thu,42,6,19,17,14.29,37.24,0.8868,2.81,13,9,4,2.86,2.0,-1.02,69.23,90.27
08:00-12:00 America/New_York,30,6,AUDUSD,Thu,42,4,20,18,9.52,36.13,0.8602,2.67,13,9,4,2.78,2.85,-1.02,69.23,90.16
19:00-02:00 America/New_York,15,2,NZDUSD,Thu,47,26,19,2,55.32,34.61,0.7363,2.82,13,10,2,2.66,2.0,-2.64,76.92,90.07
19:00-02:00 America/New_York,30,5,US30,Mon,51,8,25,18,15.69,34.49,0.6763,2.32,13,10,3,2.65,3.52,-3.1,76.92,90.03
09:30-16:00 America/New_York,15,5,US30,Thu,48,4,19,25,8.33,30.34,0.6321,2.5,13,11,2,2.33,2.0,-1.33,84.62,89.51
19:00-02:00 America/New_York,30,5,USDJPY,Thu,50,6,27,17,12.0,39.07,0.7813,2.44,13,9,4,3.01,3.0,-4.0,69.23,89.27
08:00-12:00 America/New_York,30,6,USDCAD,Thu,42,4,19,19,9.52,34.65,0.8251,2.81,13,9,4,2.67,4.2,-3.92,69.23,89.18
19:00-02:00 America/New_York,15,4,USDCAD,Tue,45,14,25,6,31.11,40.36,0.8968,2.61,13,8,5,3.1,3.87,-4.0,61.54,89.15
09:30-16:00 America/New_York,15,6,NZDUSD,Thu,44,4,18,22,9.09,39.73,0.9029,3.09,13,9,4,3.06,0.98,-4.0,69.23,89.14
08:00-12:00 America/New_York,15,6,NZDUSD,Thu,42,6,25,11,14.29,37.12,0.8838,2.46,13,9,4,2.86,2.84,-2.0,69.23,89.1
08:00-12:00 America/New_York,30,1,USDCAD,Thu,42,30,8,4,71.43,22.71,0.5406,3.8,13,11,2,1.75,2.0,-1.0,84.62,88.71
19:00-02:00 America/New_York,15,5,US30,Mon,50,10,30,10,20.0,35.96,0.7192,2.18,13,10,3,2.77,2.45,-3.07,76.92,88.69
19:00-02:00 America/New_York,15,2,GBPUSD,Tue,47,27,19,1,57.45,35.34,0.7519,2.86,13,9,2,2.72,2.0,-1.0,69.23,88.64
09:30-16:00 America/New_York,15,3,AUDUSD,Thu,45,11,17,17,24.44,29.33,0.6519,2.66,13,11,2,2.26,1.69,-1.76,84.62,88.25
09:30-16:00 America/New_York,30,5,XAGUSD,Fri,47,4,13,30,8.51,35.69,0.7594,3.12,13,9,4,2.75,1.83,-2.79,69.23,88.16
03:00-12:00 America/New_York,30,5,XAUUSD,Mon,50,8,28,14,16.0,34.64,0.6927,2.22,13,10,3,2.66,3.17,-4.0,76.92,88.08
03:00-12:00 America/New_York,15,4,XAGUSD,Mon,51,15,32,4,29.41,34.47,0.676,2.08,13,10,2,2.65,2.0,-1.0,76.92,87.87
08:00-12:00 America/New_York,30,4,EURUSD,Thu,42,8,17,17,19.05,34.99,0.833,2.91,12,9,3,2.92,2.12,-1.92,75.0,87.86
19:00-02:00 America/New_York,30,3,AUDUSD,Tue,50,20,26,4,40.0,36.81,0.7362,2.4,13,9,2,2.83,3.0,-3.0,69.23,87.81
03:00-12:00 America/New_York,15,6,US30,Fri,47,10,32,5,21.28,37.9,0.8065,2.18,13,9,4,2.92,4.0,-5.0,69.23,87.8
19:00-02:00 America/New_York,15,4,NZDUSD,Thu,47,13,27,7,27.66,35.53,0.756,2.32,13,10,3,2.73,2.0,-4.0,76.92,87.13
09:30-16:00 America/New_York,15,1,USDJPY,Tue,45,33,11,1,73.33,22.51,0.5003,3.05,13,12,1,1.73,1.51,-2.0,92.31,86.78
19:00-02:00 America/New_York,30,6,USDJPY,Thu,50,2,27,21,4.0,37.22,0.7444,2.37,13,9,4,2.86,2.41,-4.0,69.23,85.89
09:30-16:00 America/New_York,15,6,US30,Thu,48,1,19,28,2.08,27.88,0.5808,2.38,13,11,2,2.14,1.6,-1.33,84.62,85.65
09:30-16:00 America/New_York,30,4,XAGUSD,Fri,47,7,13,27,14.89,33.58,0.7145,2.99,13,9,4,2.58,1.83,-2.79,69.23,85.4
19:00-02:00 America/New_York,15,6,AUDUSD,Mon,45,10,31,4,22.22,38.88,0.8641,2.23,13,8,5,2.99,4.0,-4.66,61.54,85.37
19:00-02:00 America/New_York,30,6,AUDUSD,Wed,48,6,31,11,12.5,30.49,0.6351,1.97,13,11,2,2.35,3.0,-5.0,84.62,85.34
03:00-12:00 America/New_York,60,3,XAUUSD,Mon,52,14,24,14,26.92,30.57,0.5878,2.23,13,11,2,2.35,1.62,-4.0,84.62,84.96
19:00-02:00 America/New_York,30,4,US30,Mon,51,10,24,17,19.61,31.01,0.608,2.24,13,10,3,2.39,2.9,-3.1,76.92,84.91
09:30-16:00 America/New_York,15,3,XAUUSD,Thu,44,13,16,15,29.55,31.94,0.726,2.86,13,9,4,2.46,2.43,-2.85,69.23,84.25
19:00-02:00 America/New_York,15,6,AUDUSD,Thu,50,11,36,3,22.0,37.09,0.7418,2.03,13,9,4,2.85,3.0,-5.0,69.23,84.24
08:00-12:00 America/New_York,30,5,USDCAD,Thu,42,4,19,19,9.52,30.65,0.7298,2.61,13,9,4,2.36,4.2,-3.92,69.23,84.18
08:00-12:00 America/New_York,30,6,USDCHF,Thu,46,1,21,24,2.17,33.24,0.7226,2.53,13,9,4,2.56,2.61,-3.0,69.23,84.11
08:00-12:00 America/New_York,30,4,USDCAD,Thu,42,7,19,16,16.67,28.69,0.6831,2.5,13,10,3,2.21,3.37,-3.92,76.92,84.01
19:00-02:00 America/New_York,15,6,USDCAD,Tue,45,9,27,9,20.0,44.93,0.9985,2.64,13,7,6,3.46,0.87,-4.0,53.85,83.87
08:00-12:00 America/New_York,30,6,GBPUSD,Thu,43,4,20,19,9.3,29.11,0.677,2.32,12,11,1,2.43,1.05,-3.0,91.67,83.81
19:00-02:00 America/New_York,30,4,USDJPY,Thu,50,11,27,12,22.0,35.35,0.7069,2.3,13,9,4,2.72,2.41,-4.0,69.23,83.67
19:00-02:00 America/New_York,15,6,EURJPY,Mon,47,7,30,10,14.89,34.07,0.725,2.1,13,9,4,2.62,4.0,-5.0,69.23,83.57
08:00-12:00 America/New_York,30,4,XAGUSD,Fri,49,9,26,14,18.37,30.46,0.6217,2.13,13,10,3,2.34,2.0,-1.75,76.92,83.36
09:30-16:00 America/New_York,15,6,XAUUSD,Thu,44,2,17,25,4.55,30.8,0.6999,2.7,13,9,4,2.37,2.94,-2.85,69.23,83.33
03:00-12:00 America/New_York,60,2,GBPJPY,Thu,50,19,14,17,38.0,28.57,0.5715,2.88,13,9,4,2.2,2.94,-1.59,69.23,83.26
03:00-12:00 America/New_York,30,2,BTCUSD,Mon,52,25,24,3,48.08,27.31,0.5252,2.14,13,11,1,2.1,1.08,-1.0,84.62,83.17
08:00-12:00 America/New_York,15,3,USDCAD,Thu,37,14,19,4,37.84,27.79,0.751,2.46,13,10,2,2.14,2.0,-1.0,76.92,83.09
08:00-12:00 America/New_York,15,5,NZDUSD,Thu,42,7,25,10,16.67,31.73,0.7554,2.25,13,9,4,2.44,2.84,-2.0,69.23,82.66
19:00-02:00 America/New_York,15,2,USDCAD,Tue,45,24,20,1,53.33,28.47,0.6326,2.42,13,10,3,2.19,3.0,-4.0,76.92,82.57
03:00-12:00 America/New_York,60,2,XAGUSD,Thu,49,21,19,9,42.86,26.8,0.5469,2.34,13,11,2,2.06,2.0,-4.0,84.62,82.5
08:00-12:00 America/New_York,30,5,USDCHF,Thu,46,2,21,23,4.35,31.8,0.6912,2.46,13,9,4,2.45,2.61,-3.0,69.23,82.32
