symbol,config,side,pivot_time,entry_time,exit_time,entry,initial_stop,exit,exit_reason,bars_held,result_r,risk_cash,pnl_cash,balance
XAGUSD,trail_start_2R_distance_1R,sell,2026-05-01T16:00:00+00:00,2026-05-04T16:00:00+00:00,2026-05-06T08:00:00+00:00,73.7154,76.9778,76.9778,stop,10,-1.0,10.0,-10.0,990.0
XAUUSD,trail_start_2R_distance_2R,sell,2026-05-01T16:00:00+00:00,2026-05-04T16:00:00+00:00,2026-05-06T08:00:00+00:00,4568.32,4660.46,4660.46,stop,10,-1.0,10.0,-10.0,980.0
XAUUSD,trail_start_2R_distance_2R,sell,2026-05-07T16:00:00+00:00,2026-05-08T16:00:00+00:00,2026-05-11T00:00:00+00:00,4724.4,4764.96,4683.16,opposite_signal,2,1.0167652859960399,9.8,9.964299802761191,989.9642998027612
XAUUSD,trail_start_2R_distance_2R,buy,2026-05-08T00:00:00+00:00,2026-05-11T00:00:00+00:00,2026-05-11T00:00:00+00:00,4683.16,4677.51,4677.51,stop,0,-1.0,9.89964299802761,-9.89964299802761,980.0646568047335
XAUUSD,trail_start_2R_distance_2R,sell,2026-05-08T16:00:00+00:00,2026-05-11T16:00:00+00:00,2026-05-12T00:00:00+00:00,4699.93,4749.56,4749.56,stop,2,-1.0,9.800646568047336,-9.800646568047336,970.2640102366862
ETHUSD,fixed_5R,buy,2026-05-08T04:00:00+00:00,2026-05-09T04:00:00+00:00,2026-05-12T16:00:00+00:00,2309.41,2264.8,2264.8,stop,21,-1.0,9.8,-9.8,960.4640102366862
XAUUSD,trail_start_2R_distance_2R,buy,2026-05-11T08:00:00+00:00,2026-05-12T08:00:00+00:00,2026-05-12T16:00:00+00:00,4714.37,4648.09,4648.09,stop,2,-1.0,9.702640102366862,-9.702640102366862,950.7613701343193
XAGUSD,trail_start_2R_distance_1R,buy,2026-05-06T00:00:00+00:00,2026-05-07T00:00:00+00:00,2026-05-14T20:00:00+00:00,77.382,72.239,83.49249999999999,stop,35,1.188119774450707,9.8,11.64357378961693,962.4049439239362
ETHUSD,fixed_5R,sell,2026-05-13T12:00:00+00:00,2026-05-14T12:00:00+00:00,2026-05-28T04:00:00+00:00,2264.45,2324.15,1965.9499999999985,target,82,5.0,9.507613701343194,47.53806850671597,1009.9430124306522
XAUUSD,trail_start_2R_distance_2R,sell,2026-05-12T00:00:00+00:00,2026-05-13T00:00:00+00:00,2026-05-28T16:00:00+00:00,4711.66,4773.67,4497.2300000000005,stop,70,3.4579906466698698,9.507613701343194,32.87723925139507,1042.8202516820472
ETHUSD,fixed_5R,sell,2026-05-29T16:00:00+00:00,2026-05-30T16:00:00+00:00,2026-06-02T20:00:00+00:00,2016.39,2043.35,1881.590000000001,target,19,5.0,10.428202516820472,52.141012584102356,1094.9612642661496
ETHUSD,fixed_5R,sell,2026-06-08T00:00:00+00:00,2026-06-09T00:00:00+00:00,2026-06-15T00:00:00+00:00,1692.75,1719.65,1719.65,stop,36,-1.0,10.949612642661496,-10.949612642661496,1084.011651623488
XAUUSD,trail_start_2R_distance_2R,sell,2026-05-29T16:00:00+00:00,2026-06-01T16:00:00+00:00,2026-06-15T00:00:00+00:00,4502.76,4595.55,4269.09,stop_gap,56,2.5182670546395105,10.428202516820472,26.26099883721782,1110.2726504607058
XAUUSD,trail_start_2R_distance_2R,sell,2026-06-15T16:00:00+00:00,2026-06-16T16:00:00+00:00,2026-06-17T20:00:00+00:00,4354.39,4369.73,4369.73,stop,7,-1.0,11.102726504607057,-11.102726504607057,1099.1699239560987
ETHUSD,fixed_5R,sell,2026-06-15T16:00:00+00:00,2026-06-16T16:00:00+00:00,2026-06-24T16:00:00+00:00,1812.05,1848.76,1628.4999999999998,target,48,5.0,11.102726504607057,55.513632523035284,1154.683556479134
ETHUSD,fixed_5R,sell,2026-06-24T12:00:00+00:00,2026-06-25T12:00:00+00:00,2026-07-02T16:00:00+00:00,1649.25,1690.25,1690.25,stop,43,-1.0,11.54683556479134,-11.54683556479134,1143.1367209143427
XAGUSD,trail_start_2R_distance_1R,sell,2026-05-19T00:00:00+00:00,2026-05-20T00:00:00+00:00,2026-07-02T16:00:00+00:00,73.322,78.8994,61.9959,stop,189,2.0307132355577884,9.624049439239363,19.543684575925884,1162.6804054902686
ETHUSD,fixed_5R,buy,2026-07-05T12:00:00+00:00,2026-07-06T12:00:00+00:00,2026-07-06T12:00:00+00:00,1764.95,1746.94,1746.94,stop,0,-1.0,11.626804054902687,-11.626804054902687,1151.0536014353659
ETHUSD,fixed_5R,buy,2026-07-06T16:00:00+00:00,2026-07-07T16:00:00+00:00,2026-07-08T08:00:00+00:00,1781.15,1726.75,1726.75,stop,4,-1.0,11.510536014353658,-11.510536014353658,1139.5430654210122
ETHUSD,fixed_5R,buy,2026-07-12T00:00:00+00:00,2026-07-13T00:00:00+00:00,2026-07-13T04:00:00+00:00,1822.75,1777.95,1777.95,stop,1,-1.0,11.395430654210122,-11.395430654210122,1128.1476347668022
XAGUSD,trail_start_2R_distance_1R,sell,2026-07-06T00:00:00+00:00,2026-07-07T00:00:00+00:00,2026-07-20T04:00:00+00:00,60.997,63.279199999999996,57.3719,stop,55,1.588423451056003,11.510536014353658,18.283605339424046,1146.4312401062261
XAGUSD,trail_start_2R_distance_1R,sell,2026-07-22T16:00:00+00:00,2026-07-23T16:00:00+00:00,2026-07-31T20:00:00+00:00,57.6265,60.9398,57.671299999999995,end_of_period,37,-0.013521262789362597,11.464312401062262,-0.15501198067411134,1146.276228125552
XAUUSD,trail_start_2R_distance_2R,sell,2026-06-17T20:00:00+00:00,2026-06-18T20:00:00+00:00,2026-07-31T20:00:00+00:00,4219.92,4382.41,4046.83,end_of_period,184,1.065234783678998,10.991699239560987,11.708740361718354,1157.9849684872704
ETHUSD,fixed_5R,buy,2026-07-13T20:00:00+00:00,2026-07-14T20:00:00+00:00,2026-08-01T12:00:00+00:00,1873.75,1747.25,1865.65,end_of_period,106,-0.06403162055335897,11.281476347668022,-0.7223712127755728,1157.2625972744947
